店铺id,城市,类型,店名,点评,人均,口味,环境,服务
1,北京,私房菜,梧桐宇私房菜,45,80,7.3,7.3,7.1
2,北京,私房菜,小东北私房菜,1,35,6.9,6.9,6.9
9,北京,北京菜,紫光园(常营店)分店,4420,74,8.9,8.5,8.3
10,北京,北京菜,府膳(回龙观店),894,86,8.6,8.8,8.4
11,北京,北京菜,京门小院儿,46,62,8.3,8.5,8.3
12,北京,北京菜,我家春饼(龙湖大兴天街店),1098,44,8,8.2,7.6
13,北京,台湾菜,小明同学(当代商城店)分店,465,65,8,9,8.9
14,北京,台湾菜,东都台员(亦庄店),1757,61,8.5,8.3,8.4
15,北京,北京菜,红莲烤鸭店(红莲北里店)分店,1320,72,7,6.4,6.2
17,北京,家常菜,常赢三兄弟(陆港城总店)分店,305,110,8.7,8.5,8
18,北京,家常菜,太熟悉家常菜(右安门店)分店,3007,81,7.4,7.6,7
19,北京,家常菜,慈孝宫,349,88,7.2,7.3,6.8
21,北京,川菜,舌尖记忆(王府井银泰in88店),5695,69,8.4,9,8.6
22,北京,川菜,淘虾记(劲松店)分店,1511,104,8,7.7,7.8
23,北京,川菜,Hi辣约麻,19,74,8.3,8.1,8.1
24,北京,湘菜,酷湘―正统湘菜,1265,92,9.1,9.1,9.1
25,北京,湘菜,湘鄂汇(五棵松店),324,96,8.6,8.5,8.2
26,北京,湘菜,望湘楼(川湘野味道),1767,70,7.6,7.2,7.3
27,北京,湘菜,味味湘,11,50,7.4,7.3,7.6
28,北京,湘菜,潇湘味庄(南口店),59,79,7,6.9,6.9
29,北京,小龙虾,串庭(好运街总店)分店,571,116,8.5,8.8,8.7
30,北京,小龙虾,阿骨羊火锅(鼓楼店),145,91,8.7,9,9
31,北京,小龙虾,广喜龙虾,2,50,7.1,7.1,7.1
33,北京,小龙虾,京之鲜私房秘制小龙虾外送(果园...分店,2,52,7,7,7
34,北京,小龙虾,京之鲜私房秘制小龙虾外送(朝阳...分店,1,52,6.9,6.9,6.9
39,北京,江浙菜,弄堂里-上海生煎(尚街甘露园店),287,20,8.4,8,8.3
40,北京,江浙菜,福怡轩美食汇,134,65,7,6.8,6.8
41,北京,江浙菜,弄堂小厨,20,29,6.7,6.7,6.7
49,北京,创意菜,兰溪小馆(东直门簋街店)分店,3906,101,8.5,8.9,8.6
50,北京,创意菜,绿盒子蒸饺(世界城店)分店,884,40,7.6,7.5,7.4
51,北京,创意菜,面包与枪支丨生活餐厅(中关村店)暂停营业,98,64,7.9,8.7,8.5
52,北京,东北菜,嘉宴金手勺酱骨石磨老菜馆(吕家...分店,295,55,7,6.9,6.7
53,北京,东北菜,香久香春饼东北菜(马坡建行店),7,25,7.2,6.8,7.2
54,北京,粤菜,汤城小厨(长楹天街购物中心店)分店,6081,89,8.5,8.8,8.6
55,北京,粤菜,德宏记・港式餐厅,611,78,8,8.8,7.8
56,北京,粤菜,乌镇会精品酒店文昌阁中餐厅,178,129,8.8,9.1,8.9
57,北京,粤菜,臻味潮汕砂锅粥(田村店)分店,145,65,8.2,8.3,7.9
58,北京,粤菜,香港九道港式茶餐厅(中粮万科长...分店,819,67,7.8,8.5,8.2
59,北京,粤菜,棕色茶餐厅,13,68,7.4,7.4,7.5
61,北京,粤菜,福临门,68,177,6.7,6.9,6.7
62,北京,粤菜,粤色天湘烤鸭家常菜,305,125,7.1,7.3,7
63,北京,粉面馆,贝尔特西餐厅Pentalounge,48,84,7.5,7.9,7.6
64,北京,粉面馆,清真西直门老店拉面馆,347,31,8.1,7,7.1
65,北京,粉面馆,味千拉面(机场T3店)分店,22,50,6.7,6.8,6.5
66,北京,粉面馆,晋爱面全国连锁,69,24,7.6,7.1,6.8
67,北京,粉面馆,十七城重庆小面(五道口店),761,25,7.2,7.1,6.8
69,北京,粉面馆,马兰拉面(化工大学分店)分店,646,25,7.3,7.4,7.1
70,北京,徽菜,江君府臭鳜鱼・徽菜(西坝河店)分店,37,89,7.4,8,7.7
75,北京,咖啡厅,1901 Cafe(西四店),1481,69,7.5,8.6,7.8
76,北京,咖啡厅,沏点咖啡,446,56,9,9.1,9.2
77,北京,咖啡厅,上岛咖啡(芳古园店)分店,483,59,8.2,8.2,8.1
78,北京,咖啡厅,星巴克(望京新世界店)分店,263,39,8.1,7.7,7.6
79,北京,咖啡厅,星巴克(丰葆路店)分店,82,41,8,8.1,7.5
80,北京,咖啡厅,YOLO CAKE,255,62,7.7,8,8
81,北京,新疆菜,大漠楼兰新疆美食(牡丹园店)分店,1242,62,9,9.1,9.2
83,北京,新疆菜,西域明远(青年城店),81,46,7.4,7.2,7.3
85,北京,新疆菜,民族餐厅,30,41,7.1,6.9,7
87,北京,云南菜,千景树云南菜馆(欧陆时尚店),544,93,8,8.3,7.4
88,北京,云南菜,山茶云南菜(中关村店)分店,1003,70,8.9,8.8,8.5
89,北京,素菜,嘉福宾舍,156,113,7.2,7.6,7
90,北京,云南菜,云海肴云南菜(北京旧宫万科店),2,90,6.5,6.5,6.5
91,北京,烧烤,木屋烧烤(北京欢乐谷店)分店,5048,98,9,8.8,8.9
92,北京,烧烤,原始泥炉烤肉(二十分店)分店,125,94,9,9,8.6
93,北京,烧烤,韩时烤肉(新世界店)分店,974,86,9.1,9.1,9.2
94,北京,烧烤,StarHot星火烤肉,110,117,8.8,8.9,9.2
95,北京,烧烤,揽月斋烤肉,570,64,8.7,8,8.6
96,北京,烧烤,大田家烤肉(广外分店),37,108,8.3,8.5,8.5
97,北京,西北菜,汉唐小馆(住总万科广场店),261,44,6.9,7.1,6.4
99,北京,西北菜,伊兰轩餐厅,150,51,7.1,6.8,6.6
101,北京,西北菜,关中面馆,36,46,7.6,7.5,7.6
104,北京,火锅,龙门阵串串香(东直门簋街店)分店,574,84,9,8.5,9
106,北京,火锅,首尔798・POCHA,276,89,9,9.1,9.2
107,北京,火锅,甲丁南坪打边炉,56,103,8.7,8.7,8.6
108,北京,火锅,古铜老院爆肚涮肉(双井店)分店,558,96,9,8.9,8.4
109,北京,火锅,黔道老坛酸菜鱼火锅(国鹏大厦店),2920,81,8.7,9,8.8
110,北京,火锅,芦月轩羊蝎子(西三旗店)分店,1901,71,8.9,8.3,8.1
111,北京,韩国料理,大田家烤肉,735,105,9.1,9.1,9.1
112,北京,韩国料理,犟牛家・榴莲烤肉(欧美汇店)分店,751,87,8.3,7.9,8.1
113,北京,韩国料理,竹碳谷正一品(1号店),158,167,8.1,7.7,7.8
114,北京,韩国料理,长颈鹿紫菜包饭,150,20,8,7.5,8
116,北京,韩国料理,正一味(肖家河华联店),142,40,7.3,7.4,7.4
117,北京,海鲜,威海渔村广告,39,75,7.2,7.4,7.5
118,北京,海鲜,东海海鲜会馆,26,1060,8.5,8.2,8.3
119,北京,海鲜,管氏翅吧(地安门店)分店,2659,73,8.3,7.2,7.3
120,北京,海鲜,海边小馆,520,81,8.5,7.9,8
121,北京,海鲜,海之旅海鲜烤肉自助(BHGMall店),689,71,7.1,7.7,7.7
122,北京,海鲜,顺天旺大连海鲜饺子馆(车公庄总...分店,1036,66,7.6,6.7,6.8
123,北京,海鲜,湘红天海鲜乡土菜(丰管路店),130,115,7.9,7.7,7.6
124,北京,海鲜,秘辣(东坝店)分店,72,89,7.2,7.2,7.1
125,北京,海鲜,胶东海鲜,35,44,6.9,6.8,6.9
126,北京,东南亚菜,PHO_田越南粉(国贸商城店)分店,162,93,7.8,8.4,8.2
127,北京,东南亚菜,跃界(中关村店),427,84,7.5,8.7,8.4
129,北京,西餐,TIAGO SELECT(西单大悦城店)分店,1540,194,8.7,8.9,9
130,北京,西餐,王品牛排(北京西单店)分店,4886,365,8.5,9,9
131,北京,西餐,B-787 Cafe & Bar,74,120,9,9.1,9.1
132,北京,西餐,Fire Works美式烤肉西餐&酒吧(北...分店,872,129,8.5,8.6,8.5
133,北京,西餐,皇后饼店(三里屯店),3887,69,7.6,8.3,7.6
134,北京,西餐,聚乐港(西直门凯德店)分店,2354,72,7.7,8.4,7.6
135,北京,贵州菜,黔味居(黔人世家小馆)分店,65,45,7.6,7.3,7.4
136,北京,贵州菜,集天味道(安贞店)分店,1245,53,7.6,7.4,7.3
137,北京,西餐,星期五餐厅(金融街店)分店,2847,180,7.7,8.1,7.5
138,北京,西餐,汉堡王(龙德广场店)分店,158,30,8.4,8.1,7.7
139,北京,贵州菜,贵州家乡菜,603,87,8.2,7.2,7.3
140,北京,小吃快餐,船歌鱼水饺(凯德mall大峡谷店)分店,1370,77,8.8,8.9,8.9
141,北京,小吃快餐,金波亭,56,33,8.6,8.1,8.8
142,北京,小吃快餐,海边小馆,520,81,8.5,7.9,8
143,北京,小吃快餐,碳花烤羊腿(北新桥三条店)分店,1203,93,8.1,6.8,7.2
144,北京,小吃快餐,鲍师傅(紫竹桥店),24,24,7.8,7.3,7.7
145,北京,小吃快餐,不如见面(上地西路店),537,35,8,8.6,8.2
146,北京,其他,西部马华牛肉面(学院路店)分店,1187,36,8.5,8.5,7.7
147,北京,其他,巷 craft beer & whiskey,81,137,7.7,7.5,7.8
148,北京,其他,晋B2008刀削面(彰化路店)分店,539,24,8.7,7.9,7.9
151,北京,日本菜,景鹤和风●料理(八角店),139,73,9,9.1,9.1
152,北京,日本菜,和枫の宴(清真),219,158,9,9.2,9.2
153,北京,自助餐,昆仑饭店天庭咖啡厅,477,255,7.6,8.5,8.2
154,北京,自助餐,铁木真(垡头店)分店,3497,104,7.3,7.3,7.3
156,北京,面包甜点,鲜芋仙(金源新燕莎MALL店),160,25,7.8,7.6,7.4
157,北京,面包甜点,宇治茶铺(来福士店),773,22,7.2,7.2,7.4
158,北京,面包甜点,多乐之日(北苑家乐福店),171,36,8.5,8.2,8.2
159,北京,面包甜点,鲜芋仙(龙湖大兴天街店),84,22,8.1,8.3,7.8
164,长春,川菜,你的心跳酸菜鱼(欧亚新生活),47,41,8.2,8.4,8.6
166,长春,川菜,巴渔人家,661,50,7.9,7.7,7.5
167,长春,川菜,李家小馆(德惠店),5,64,7.5,7.5,7.5
168,长春,川菜,_辣坊麻辣香锅烤全鱼,1,30,7.1,6.8,6.8
169,长春,川菜,川香楼火锅,4,30,7,7,7
171,长春,川菜,北京麻辣香锅,1,10,7,6.9,6.9
184,长春,面馆,吉妈妈手擀面(一汽高专店),3,15,7.5,7.5,7.5
187,长春,面馆,兰州正宗牛肉拉面(飞跃路店),3,13,7,7,7.1
188,长春,海鲜,蚝掌柜,12,56,7.4,7.2,7.2
189,长春,海鲜,龙门花甲时尚海鲜,10,20,7.5,7.3,7.5
190,长春,海鲜,海川尚品,3,27,6.9,6.9,6.9
194,长春,火锅,德羊府老北京羊蝎子火锅(建设街...,351,67,9,9.1,9
195,长春,火锅,十一越猪蹄火锅,162,38,8.5,8.1,8.6
196,长春,火锅,蜀香楼火锅(东风店)分店,305,69,8.1,8.2,7.8
197,长春,火锅,康二姐(金川街店),250,69,8,7.8,7.8
198,长春,火锅,鲜入围煮彝乡牛汤火锅,31,82,7.7,8.4,8.2
199,长春,火锅,将军府火锅,22,37,7.5,7.6,8
200,长春,火锅,四牌楼老北京炭火锅,52,73,7.6,7.5,7.6
201,长春,火锅,麻辣三国,4,37,6.5,6.5,6.5
202,长春,火锅,龙祥斑鱼庄,13,50,7.5,7.3,7.5
203,长春,火锅,福顺德老北京炭火锅,18,53,7.4,7.4,7.4
204,长春,火锅,老北京碳火锅,19,50,7.2,7.2,7.3
205,长春,火锅,阿田大虾麻辣火锅店,24,39,7.3,7.3,7.5
206,长春,小吃快餐,东方饺子王(中东自由大路店)分店,283,33,7.7,7.8,7.4
208,长春,小吃快餐,喜家德水饺,27,32,7.4,7.2,7.4
209,长春,小吃快餐,老妈手擀面(人民大街店)分店,162,44,7.2,6.7,6.7
210,长春,小吃快餐,姐弟俩土豆粉分店,22,15,7.4,7.4,7.4
211,长春,小吃快餐,派乐汉堡(高新园区店),1,15,7.4,7.4,7.4
212,长春,小吃快餐,米家乐粥铺,31,23,7.3,7.3,7.2
213,长春,韩国料理,春明风味馆(经开一区店),108,31,7.3,6.3,6.6
214,长春,韩国料理,竹林小木屋,27,49,7.6,7.5,7.6
216,长春,韩国料理,韩一馆,52,29,6.7,6.7,6.7
217,长春,韩国料理,金子酱汤馆,143,24,7.1,6.2,6.4
219,长春,韩国料理,金三顺紫菜包饭分店,8,19,7.1,7.1,7.2
220,长春,韩国料理,金三顺紫菜包饭,4,19,7,7,7
222,长春,韩国料理,金三顺紫菜包饭(繁荣路店),3,11,7.2,7.2,7.2
225,长春,西餐,Safa西餐咖啡,3,41,7.7,7.7,7.7
227,长春,西餐,吉姆家的厨房(欢乐城店),21,84,7.5,7.7,7.6
231,长春,西餐,米之兰比萨(九台店),1,30,7.1,7.1,7.1
233,长春,面包甜点,焙斯特味道85度(富豪花园店)分店,302,21,8.1,8.1,8
235,长春,面包甜点,焙斯特味道85度(大经路店)分店,339,15,8.3,8.2,8.3
236,长春,面包甜点,相思蜜哒甜品店,52,32,8,8.4,7.6
237,长春,面包甜点,米旗(前进店)分店,96,21,7.6,7.6,7.6
239,长春,其他,九段烧传统中国菜(欢乐城店),299,65,8.5,8.8,8.7
242,长春,其他,星巴克(中东新天地店),54,50,7.6,7.8,7.6
243,长春,其他,郭记北京果木烤鸭,8,50,7.2,7.1,7.1
245,长春,其他,哈贝贝咖啡,23,43,7,7.1,7.3
246,长春,家常菜,泰昌家常菜饺子馆,3,25,7,7,7
255,长春,东北菜,朝鲜湾,38,59,7.1,7.3,7
257,长春,东北菜,313羊庄,2,49,7.3,7.3,7.3
260,长春,东北菜,乐品庄稼院,2,40,7.3,7.3,6.9
262,长春,烧烤,国发烤猪手总店,129,62,8.6,7.7,7.9
263,长春,烧烤,大年初一草原烽煌环保有机烤肉(...,177,81,9,9.1,9
266,长春,烧烤,老钎海鲜串烧工厂,21,50,7.6,7.7,7.7
267,长春,烧烤,王季铁锅烤肉面片店(面片店),5,32,7.6,7.3,7.6
271,长春,日本料理,前进大厦大唐日本料理,71,209,7,7.2,7.1
275,长沙,私房菜,闲庭小聚(雨花亭店)分店,170,63,8.7,9,8.4
281,长沙,小龙虾,忆口香龙虾(直营四店),17,32,7.2,7,7
283,长沙,小龙虾,巴陵亿口香(月湖店),6,30,6.9,6.9,6.9
284,长沙,小龙虾,湘军巷(太平街店),38,43,7.1,7.2,7.3
292,长沙,湘菜,炊烟时代(星沙店)分店,871,48,7.7,7.6,7.7
293,长沙,湘菜,湘厨,2,25,7.2,6.8,6.8
294,长沙,湘菜,明城国际大酒店美食街中餐厅,19,62,7,6.8,6.9
295,长沙,湘菜,吃铺(中南大学店)分店,44,53,7.4,7.3,7.3
296,长沙,粤菜,点心意,25,75,7.5,7.9,7.4
297,长沙,粤菜,品满楼饭庄,3,34,7.2,7.2,7.2
307,长沙,海鲜,一尾寻仙海鲜外送(四方坪店)分店,47,190,7,6.9,7.3
308,长沙,海鲜,白泥湖大闸蟹,1,28,7,7,7
318,长沙,粉面馆,清真兰州拉面,3,15,7.2,7.1,7.1
322,长沙,粉面馆,重庆酸辣粉,3,13,7.2,7.2,7.2
323,长沙,粉面馆,和泰面馆(新建西路店)分店,16,11,7,7,7.1
324,长沙,烧烤,汉拿山(长沙开福万达店)分店,1738,84,7.6,8,7.4
325,长沙,烧烤,浏城桥蒋哥烧烤,44,53,7.6,7,7.2
326,长沙,烧烤,尚槿格调韩式料理(望城奥特莱斯...分店,306,60,7.6,7.5,7.6
327,长沙,烧烤,川西火焰山西昌正宗火盆烧烤,1,35,7.2,7.2,7.2
331,长沙,自助餐,纸上馋韩式自助烤肉(都市学院店),10,38,6.9,6.9,6.9
332,长沙,小吃快餐,野兽派煎饼果子(大学城店)分店,388,15,7.7,8.4,8.5
333,长沙,小吃快餐,阳意子・长沙小吃(县正街店),8,35,7.7,7.6,7.5
335,长沙,小吃快餐,四姐米粉,311,14,7.5,7,7.1
336,长沙,小吃快餐,麦当劳(长沙友阿奥特莱斯店)分店,43,23,7.2,7.3,7.2
337,长沙,小吃快餐,麦当劳(汽车东站餐厅),31,28,7.5,7.6,7.6
338,长沙,小吃快餐,麻辣烫,2,10,6.9,6.9,6.9
339,长沙,小吃快餐,华莱士(泉塘店)分店,72,19,7.3,7.3,7.3
340,长沙,小吃快餐,松桂坊腊味煲仔饭(梓园路店)分店,72,23,7,7.1,7.1
345,长沙,面包甜点,净果甜品(司门口店)分店,552,26,8.2,8.1,8
346,长沙,面包甜点,酒窝甜品(德思勤城市广场店),175,45,7,7.3,7.2
347,长沙,面包甜点,鲜芋仙(步步高梅溪新天地店),89,30,7.2,7.3,7.2
348,长沙,面包甜点,1点点(_城_店),18,13,7.6,7.6,7.6
350,长沙,面包甜点,罗莎蛋糕(蔡锷北店)分店,266,19,7.8,7.7,7.6
351,长沙,其他,尚粤粥铺(玛依拉店),39,20,7.4,7.3,7.2
353,长沙,其他,花与麋鹿,22,66,7.3,7.4,7.4
359,长沙,川菜,苏菲玛索全球红酒体验中心,2,100,7,7,7
360,长沙,川菜,紫燕百味鸡(桔园店)分店,17,21,7.2,7,7.2
361,长沙,川菜,一号锅烤鱼干锅,211,38,7.2,7.1,7
362,长沙,川菜,重庆饭店,2,25,7,7,7
363,长沙,火锅,董记老清泉北京涮羊肉(总店),415,70,8.7,8,8.5
364,长沙,火锅,犟娃重庆老火锅,67,78,7.4,7.9,7.4
365,长沙,火锅,虾吃虾涮(王家湾步步高店)分店,129,75,8.1,8,8.4
367,长沙,火锅,韩疯味韩式自助烤肉火锅店,21,40,7,7.1,7.3
370,长沙,咖啡厅,美丽人生中西餐厅(水晶店)分店,365,44,7.8,8,7.9
372,长沙,咖啡厅,MORE・ 大客厅,15,75,7,7.3,7.3
373,长沙,咖啡厅,星巴克(步步高店),6,35,7.3,7.4,7.4
378,长沙,西餐,纽约客炸鸡汉堡店(乐和城店),95,13,8.4,8,8.5
379,长沙,西餐,优益沙拉吧,70,36,8.6,8.5,8.5
380,长沙,西餐,吃不胖沙拉(星沙店),5,30,7.3,7.4,7.6
382,长沙,西餐,哆哆基(宁乡南站店),51,20,7.4,7.4,7.5
384,长沙,西餐,预见披萨(北盛店),1,15,6.9,6.9,6.9
386,常州,私房菜,五花马私房菜,8,50,6.9,6.8,6.8
391,常州,农家菜,高老庄土菜馆(新城蓝钻),8,50,7.2,7.1,7.1
392,常州,川菜,鱼家我家酸菜鱼(红梅店)分店,68,60,8.3,8.4,8.3
394,常州,川菜,老妈米线(常州万达店),379,24,7.7,7.6,7.5
395,常州,川菜,桐趣风味酒楼(府翰店),45,83,7.2,7.1,6.7
398,常州,川菜,老地方川菜,1,27,7.1,7.1,7.1
404,常州,咖啡厅,环洲绿岛咖啡(莱蒙店)分店,445,33,7.8,7.9,7.7
405,常州,咖啡厅,STREAM 清川咖啡(莱蒙城店)分店,16,50,7.8,7.9,7.9
407,常州,咖啡厅,星巴克(常州邹区时代广场店)分店,7,39,7.4,7.3,7.4
413,常州,面馆,王师傅私房牛肉面(翠竹店),5,21,7.4,7.4,7.4
414,常州,面馆,西门拉面馆,15,10,7.2,6.9,6.9
415,常州,面馆,老杨小面,4,15,7.1,7.1,7.1
424,常州,粤菜,诚记港式烧腊,11,32,7.3,7.4,7.6
428,常州,火锅,能人居北京涮羊肉(清潭店),25,53,7.6,7.6,7.7
429,常州,火锅,东来顺饭庄(光华店)分店,187,83,7.7,7.5,7.6
433,常州,小吃快餐,忘不了(西夏墅店)分店,732,16,8.3,8.3,8.3
434,常州,小吃快餐,绝味鸭脖(万达金街店),267,46,8.4,8.4,8.2
435,常州,小吃快餐,西府秦味岐山臊子面(吾悦国际广...,14,16,6.9,7,7.2
436,常州,小吃快餐,德克士(金谷广场店)分店,149,23,7.1,7.2,7.2
437,常州,小吃快餐,腊汁肉夹馍(双桂坊店),159,17,7.9,7.6,7.9
438,常州,小吃快餐,豆腐王朝,18,10,7.6,7.6,7.7
439,常州,烧烤,胖子烤味,3,18,7.5,7.5,7.5
440,常州,烧烤,蒙古大占烤全羊&龙虾(盱眙阿海龙...,2,66,7.3,6.9,7.1
441,常州,烧烤,图门烧烤,10,42,7,7,7
442,常州,烧烤,东北原味阿涛海鲜烧烤城,13,44,6.6,6.6,6.6
444,常州,烧烤,苏州金门烧烤,2,20,6.9,6.9,6.9
447,常州,日本料理,N多寿司(河湖店)分店,1,13,7.5,7.5,7.4
449,常州,日本料理,常州香格里拉大酒店,231,236,8.3,9.1,8.7
451,常州,西餐,_腾牛排(新北万达店)分店,210,69,7.5,7.7,7.5
452,常州,西餐,胜富乐意大利披萨(莱蒙店),16,29,7.2,7.3,7.3
453,常州,西餐,爱琴海骨汤麻辣烫店,2,39,7.1,7.1,7.1
454,常州,西餐,馨悦美食,1,70,6.9,6.9,6.9
458,常州,自助餐,福记逸高酒店(自助餐厅),213,183,8.9,9,8.9
459,常州,自助餐,爱永尚环球自助美食餐厅,230,61,8.1,8.1,8.2
460,常州,面包甜点,泰芒了(常州总店)分店,35,26,7.8,7.8,7.9
462,常州,面包甜点,麦子田间蛋挞店(勤业店),10,11,7.8,7.8,7.8
463,常州,面包甜点,手感蛋挞(莱蒙店)分店,438,13,8.2,8.1,8.2
464,常州,面包甜点,CoCo都可(局前街店),19,10,7.5,7.5,7.3
465,常州,面包甜点,玛卡玛卡滋蛋仔(百货大楼店),52,21,7.6,7.6,7.6
466,常州,其他,果碳烤鸭(机电店),628,12,8.5,8.4,8.6
468,常州,其他,彭记开心花甲(新北万达店),12,15,7.8,7.8,7.8
471,常州,其他,姥家大锅台(九龙店),17,69,7.2,7.3,7.4
476,常州,小龙虾,弄堂龙虾排档,4,56,7,7,7
478,常州,小龙虾,盱眙龙虾,1,30,6.9,6.9,6.9
485,常州,江浙菜,上海酒楼(会馆浜路店)分店,47,72,7.7,7.6,7.7
487,常州,江浙菜,天目湖九号,5,57,7.3,7.3,7.3
488,常州,江浙菜,常新特农食府,2,78,7.1,7.1,7
490,常州,韩国料理,西蒙纸上烤肉,6,50,7.6,7.6,7.7
492,常州,韩国料理,伙拼份子,3,66,6.9,6.9,7
493,成都,川菜,捉鸭记吮指鸭爪爪干锅(奥克斯广...,423,58,8.2,8.1,7.9
494,成都,川菜,成都映象(天府二街店),433,95,7.8,8.3,7.9
495,成都,川菜,又一味炭火鱼片(新城吾悦广场店),137,68,7.7,8.4,7.8
506,成都,兔头/兔丁,廖记棒棒鸡(双林中横路直营店)分店,75,20,7.5,7.5,7.5
508,成都,小龙虾,久香园・酒文化体验社,16,49,7.1,7,7.2
509,成都,小龙虾,湖北杨记虾铺,50,64,7.3,7.1,7.2
514,成都,粤菜,广东潮汕风味餐厅,18,58,7.9,7.5,7.9
516,成都,粤菜,避风塘(文翁路店),5,75,7.5,7.4,7.4
518,成都,东北菜,铁饭碗(丽都店),7,25,7.3,7.4,7.3
521,成都,粤菜,吉旺港式茶餐厅,3,80,6.9,6.9,6.9
525,成都,东北菜,灌县老妈砂锅串串,3,56,6.9,6.9,6.8
531,成都,私房菜,钰花园生态私房菜,27,66,6.9,6.9,6.9
532,成都,私房菜,1314cm私房餐厅,48,155,7.4,7.5,7.6
533,成都,私房菜,五蕴精致菜馆,33,151,7.6,7.8,7.6
535,成都,烧烤,__烧烤馆,20,62,7.8,8.1,8.1
536,成都,烧烤,滋滋烤鱼(盐市口店)分店,1533,72,8.1,7.9,7.7
537,成都,烧烤,何师烧烤(东门形象店)分店,1346,77,7.6,7.7,7.6
538,成都,烧烤,好吃西昌花园主题火盆烧烤,23,67,7.5,7.3,7.5
539,成都,烧烤,塞外风情碳烤羊腿(永立星城都店)分店,21,88,7.2,7.2,6.8
540,成都,烧烤,草屋烧烤,14,50,6.4,6.3,6.4
542,成都,海鲜,U33猎潜艇牛排海鲜自助(龙湖三千...分店,673,74,7,7.3,7.4
543,成都,烧烤,钟记西昌自助火盆烧烤,23,62,6.8,6.6,7
544,成都,海鲜,醉烧刀自助海鲜烤肉涮涮锅(百伦...,309,60,6.9,7.3,7
546,成都,海鲜,祥宇酒店祥景海鲜自助餐厅,100,107,7.6,7.9,8.1
547,成都,海鲜,吉布鲁牛排海鲜自助(新都静安路...,34,76,7,7.3,7.3
548,成都,海鲜,东桥渔港海鲜酒楼,17,78,7.3,7.2,7.4
552,成都,海鲜,馋味轩海鲜自助烤肉(阳光城店),53,42,7.3,7.3,7.5
556,成都,串串香,小郡肝砂锅串串(成飞店),58,52,7.9,7.8,7.7
557,成都,串串香,钢管厂五区小郡肝串串香(金沙店)分店,19,47,7,7,7.1
558,成都,串串香,何老二冷锅串串分店,43,36,6.9,6.6,6.9
559,成都,串串香,钢管厂小郡肝串串(郫县中信城店),68,51,7.3,7.3,7.7
560,成都,串串香,厕所串串(总店),21,65,6.3,6.6,6.6
562,成都,串串香,厕所串串(桂王桥北街店)分店,55,30,7.3,6.8,7.2
563,成都,北京菜,守柴炉北京烤鸭(蜀汉路店)分店,536,48,8.3,7.7,7.6
564,成都,串串香,茴香记小郡肝砂罐串串,11,56,7.1,7.1,7.1
565,成都,韩国料理,八品道_记锅食_(海滨城店),10,48,7.2,7.2,7.1
566,成都,韩国料理,风云堂韩式烤肉(成华店),45,47,6.9,6.5,6.7
567,成都,韩国料理,思密达炭火烤肉(钱江美域店),35,49,7.2,7.2,7.1
568,成都,韩国料理,三国惹火烤肉(海上海店),53,71,7.2,7.5,6.9
571,成都,小吃快餐,小名堂担担甜水面(红星路店)分店,812,16,8.1,7.6,7.8
572,成都,小吃快餐,小吃地儿,68,16,8.2,7.7,7.3
573,成都,小吃快餐,人民大食堂旗舰店,40,50,7.6,7.6,7.6
574,成都,小吃快餐,本家章鱼烧(总店),247,12,7.9,7.8,8.1
575,成都,小吃快餐,廖记棒棒鸡(长顺上街直营店)分店,421,48,8.4,8.5,8.3
577,成都,小吃快餐,德克士(石人公园店)分店,31,17,7.2,7.4,7.3
578,成都,日本料理,炙景台烧肉居酒屋(银泰城店),116,102,8.3,8.3,9
579,成都,日本料理,丰寿司(小食堂),64,67,7.5,7.6,7.5
580,成都,日本料理,佳咖喱JACURRY,817,47,8.2,8.1,9
581,成都,日本料理,兄弟船刺身(西安北路店)分店,733,83,8.5,8.6,8.7
582,成都,日本料理,花里寿司(伊藤洋华堂店),1079,72,6.9,7.2,7.3
584,成都,粉面馆,陕西面馆,10,17,7,7.1,6.9
585,成都,粉面馆,自力面店,384,12,7.7,6.8,7.3
587,成都,粉面馆,钱坤面(2店),62,12,7.4,7.3,7.4
588,成都,粉面馆,全家福米线,83,10,8.1,6.3,7
589,成都,粉面馆,吾家板凳面,13,24,7.5,7.6,7.5
590,成都,粉面馆,_水越过桥米线(牛市口店),136,17,7.3,7.5,7.4
596,成都,自助餐,望江宾馆普吉岛餐厅,137,120,7.3,8,7.5
598,成都,自助餐,战旗红火锅自助餐厅,28,64,6.9,7.3,6.9
599,成都,自助餐,鱼跃食光河鲜自助火锅,13,45,7.1,7,7
600,成都,自助餐,花乡风情苑农家乐(三圣乡店),7,50,7.1,7.3,7.1
609,成都,面包甜点,一糖一会(阳光新业中心店)分店,763,36,8,8.4,8.2
611,成都,面包甜点,1__(南_帽店),394,14,8,7.7,8.3
612,成都,面包甜点,早安巴黎(新世纪环球中心店)分店,1298,29,8.2,8.1,7.7
613,成都,面包甜点,早安巴黎(万达锦华店)分店,1453,29,7.7,7.7,7.4
614,成都,面包甜点,大通冰室(大悦城店)分店,300,13,7.7,7.6,7.7
615,成都,面包甜点,爱达乐(成都东方广场店),97,16,7.6,8,7.7
616,成都,火锅,锦城印象火锅酒楼(高新店)分店,1445,101,8.8,8.5,8.5
617,成都,火锅,蛙来哒(金牛万达广场店)分店,514,71,8.4,8.7,8.6
618,成都,火锅,渝北十碗水老火锅,286,70,8.6,8.3,8.6
619,成都,火锅,蜀中吴养生板栗鸡(环球中心店)分店,2130,74,8.3,8.6,8.4
620,成都,火锅,泸州酸菜豆花火锅(共和路店)分店,577,44,8.3,7.6,7.6
621,成都,火锅,廖老四鲜鹅肠火锅(玉林店),381,68,8.3,7.7,8.2
622,成都,火锅,有茗塘鱼馆(高升桥店),476,67,8.4,8.5,8.7
623,成都,火锅,马帮寨山寨火锅,78,86,8.2,8.8,8
624,成都,咖啡厅,猫友咖啡店(玉林西路店)分店,358,35,8.6,8.7,8.7
625,成都,咖啡厅,ZooCoffee(老南门店)分店,304,38,7.2,8,7.5
626,成都,咖啡厅,星巴克(天府软件园店)分店,78,41,6.8,7,7
627,成都,咖啡厅,星巴克(中海国际店),78,44,7.5,7.6,7.2
628,成都,咖啡厅,名仕咖啡,61,48,7.5,7.6,7.6
629,成都,咖啡厅,微光咖啡,28,46,7.6,7.5,7.6
630,成都,咖啡厅,壹城壹品的美_馆,45,24,7.4,7.3,7.4
631,成都,咖啡厅,小陈故事咖啡,26,21,7.6,7.6,7.7
632,成都,咖啡厅,水云咖啡店(水云花都店),39,37,7.2,7.3,7.3
634,成都,咖啡厅,清曼咖啡馆,7,35,7.7,7.7,7.7
635,成都,咖啡厅,马尔代,4,34,7.4,7.5,7.5
636,成都,西餐,麦可披萨,481,78,8.2,8.1,8.3
637,成都,西餐,Muapizza慕玛披萨(成都天街店),18,43,7.1,7.4,7.4
638,成都,西餐,ET约而同,57,59,7.5,8.1,8.3
639,成都,西餐,Shadow影子&美式小吃,43,26,7.9,7.2,7.7
640,成都,西餐,边炭披萨(高新店)分店,6,31,7.3,7.5,7.5
641,成都,西餐,老狗房子旗舰店(外北街店),38,31,7.1,7.3,7.4
642,成都,其他,大蓉和(拉德方斯精品店)分店,2275,90,8.5,8.4,7.7
643,成都,其他,真之味油焖大虾,26,75,7.6,7.4,7.5
648,成都,其他,秘_云端・咖啡・酒窝儿,67,46,7.5,8.1,7.9
649,成都,其他,廖记棒棒鸡(天顺路直营店)分店,98,23,7.5,7.6,7.4
650,成都,其他,羌锅锅生态腊肉汤锅,13,48,7.8,7.6,7.8
653,重庆,私房菜,芭蕉小筑傣味私房菜,299,79,8,7.6,8.2
656,重庆,私房菜,秦阿哥私房菜馆,1,40,6.8,6.9,6.8
668,重庆,小龙虾,李掌柜虾楼,73,112,8.2,8.4,8.7
669,重庆,小龙虾,虾皇(九龙滨江店),370,119,7.8,8.5,7.6
670,重庆,小龙虾,盱眙龙虾(龙湖紫都城店),58,87,8.1,7.8,8.2
673,重庆,粤菜,铜锣湾(重庆星光68广场店)分店,371,108,8.5,8.7,8
674,重庆,粤菜,Restaurant A(蓝湖郡店)分店,71,168,7.9,9.2,9.1
675,重庆,川菜,歌乐山辣子鸡(解放碑店),205,80,7.5,8.1,7.8
676,重庆,川菜,程大嘴美蛙,127,85,8.6,6.8,8.7
677,重庆,川菜,广潮荟,136,121,7.2,7.6,7.4
678,重庆,川菜,阳光世纪美食广场,6,121,7.7,7.7,7.9
679,重庆,川菜,印象五村,30,50,7.7,7.6,7.7
694,重庆,东北菜,龙瑶东北菜馆,8,39,6.8,6.8,6.9
701,重庆,面馆,重庆盅盅面(江与城店),10,18,7.4,7.6,7.4
705,重庆,小吃快餐,老李家豆花,312,39,8.4,8,7.9
706,重庆,小吃快餐,五魁首面庄,266,12,7.9,7.3,8
707,重庆,小吃快餐,乡村基(渝北龙山大道餐厅),65,18,7.3,7.3,7.2
708,重庆,小吃快餐,苏记花甲(南坪店),20,26,7.6,7.1,7.5
709,重庆,小吃快餐,九九豆花馆,94,15,7.6,6.6,7.2
710,重庆,小吃快餐,麦当劳(金港国际购物中心店),29,27,7.3,7.1,7.2
711,重庆,小吃快餐,NYF纽约薯条(北城天街店)分店,377,29,7.9,7.9,8
713,重庆,日本料理,寿司老爸(亿象城一店),26,20,7.4,7.4,7.5
714,重庆,日本料理,秋水,31,29,7.6,7.6,7.6
715,重庆,日本料理,美厨娘铁板烧(铁板套饭),2,21,7.2,7.2,7.2
718,重庆,茶馆,和茶坊,4,20,,,
720,重庆,茶馆,江湾茶楼,5,27,,,
722,重庆,火锅,北平楼涮羊肉,77,75,9.1,9,9.2
723,重庆,火锅,沧龙火锅,5829,82,8.5,8.1,8.1
724,重庆,火锅,久斗生串串老火锅,537,67,8.3,7.8,8
725,重庆,火锅,巴山林老火锅(回龙湾直营店),25,60,7.8,7.6,7.9
726,重庆,火锅,顺水鱼馆＆藕然间(洋河体育场店)分店,536,75,7.7,7.8,7.5
727,重庆,火锅,多喝汤(解放碑英利大融城店)分店,85,27,7.4,7.6,7.6
729,重庆,西餐,游来烤鸭坊,460,87,7.6,8.5,7.8
730,重庆,西餐,Muapizza慕玛披萨(沙坪坝店),15,41,7,7.1,7.1
731,重庆,西餐,轻点沙拉,45,36,7.1,7,7.1
732,重庆,西餐,HEA SPOT喜士泊轻食・咖啡餐厅,36,37,7.4,8.8,7.5
733,重庆,西餐,绿色皮卡精酿酒馆(九街店)分店,31,67,7.8,7.8,7.9
734,重庆,西餐,西豪果木牛排,4,76,7.6,7.6,7.4
736,重庆,西餐,懂咖,6,25,7.6,7.7,7.6
737,重庆,西餐,米萝咖啡(合川区店),12,54,7.2,7.2,7.2
738,重庆,西餐,丽华酒店心之源西餐,32,46,7.2,7.2,7.4
739,重庆,西餐,友乡村披萨,2,40,7.2,7.2,7.2
740,重庆,西餐,爱琴海咖啡(两路口店),55,45,7.1,7.2,7
741,重庆,自助餐,上井(龙湖・西城天街店)分店,1762,256,8.3,9,8.6
742,重庆,自助餐,鹤桥自助烤肉(财信城市国际店),674,62,8.2,8.3,8.3
746,重庆,东南亚菜,暹丽泰食LiLAWADEE,623,134,8.7,9.2,9.1
750,重庆,面包甜点,一只酸奶牛(重庆财富购物中心店),190,13,8.2,8.3,8.2
751,重庆,面包甜点,好利来(龙湖店)分店,103,27,8.1,8,8
752,重庆,面包甜点,85度C(日月光店)分店,203,19,7.9,7.7,7.7
753,重庆,面包甜点,一只酸奶牛(西南大学店),149,9,7.9,7.6,7.8
754,重庆,面包甜点,约定蛋糕坊(东原新新park店)分店,19,50,7.5,7.5,7.5
755,重庆,烧烤,全民撸串・烧烤串串(龙湖水晶郦...分店,16,65,7.5,7.6,7.6
756,重庆,面包甜点,阿姨很芒(芒熙街店),21,14,7.6,7.7,7.7
757,重庆,面包甜点,湾仔故事(汽博金贸时代店),40,15,7.1,7.2,7.3
760,重庆,烧烤,家兴烧烤,74,32,7.5,7,7.4
764,重庆,烧烤,王老大烧烤大排档,149,65,7.5,7.3,7.5
766,重庆,海鲜,解放碑威斯汀酒店锦肴轩特色餐厅,176,466,8.4,9.1,8
767,重庆,烧烤,乌鸦烧烤,2,35,7.1,7.1,7.3
768,重庆,海鲜,虾谢礼(小龙虾-海鲜-江湖菜),42,77,7.5,7.5,7.6
771,重庆,海鲜,叮叮猫海鲜牛排自助烤肉(李家沱...,93,57,7.6,7.6,7.7
772,重庆,海鲜,三合轩海鲜牛排火锅自助烤肉,33,52,7.6,7.6,8.1
775,重庆,咖啡厅,Hana to Alice Coffee & Cocktai...,322,64,8.1,8.7,8.6
776,重庆,咖啡厅,HIPPOCAFESHOP,75,27,7.8,8.8,9
777,重庆,咖啡厅,COSTA COFFEE(星光时代广场店)分店,147,36,7.4,7.8,7.6
780,重庆,咖啡厅,绿风咖啡酒吧(大坪店),26,32,7.7,7.7,7.9
784,重庆,其他,兰木肆・云南菜(源著店)分店,60,87,7.8,8.2,8.4
785,重庆,其他,琥珀咖啡,48,89,7.5,8,7.9
793,重庆,韩国料理,韩桃宫韩国烤肉,80,60,7.9,7.9,8
794,重庆,韩国料理,金欧巴的炸鸡店(重庆店),49,48,7.6,7.2,7.5
796,重庆,韩国料理,小八・韩食堂,6,33,7.7,7.7,7.7
805,大连,北京菜,北京片皮烤鸭,4,15,7.1,7.1,7.1
806,大连,北京菜,北京烤鸭(山东路店)分店,9,19,6.9,6.7,6.8
808,大连,川菜,水一方现烤鱿鱼丝鱿鱼头鱿鱼片(...分店,1474,56,9.2,9.1,9.1
810,大连,川菜,味道香鸡公煲(三八广场店),111,29,7.6,7.5,7.6
811,大连,川菜,鱼城印象炭火烤全鱼(普兰店),22,50,7.4,7.2,7.1
813,大连,川菜,不见不散麻辣龙虾,205,68,6.5,5.7,5.8
815,大连,川菜,喜辣郎巫山传奇土家烤全鱼(旅顺...,11,108,6.9,6.7,6.7
817,大连,大连海鲜,苏大嘴海鲜牧场(北石道街店)分店,2215,149,9.2,9.2,9.1
818,大连,大连海鲜,会飞的筷子,163,42,8.7,8.7,8.2
820,大连,大连海鲜,巨无霸海鲜状元楼(太原街店),288,114,7.2,7.6,7.2
821,大连,大连海鲜,付家庄小渔村(椒房街店)分店,122,46,7.5,7.5,7.5
822,大连,大连海鲜,海味当家(山东路店)分店,561,139,8.9,8.6,8.4
823,大连,大连海鲜,杜记海鲜食府,17,60,7.7,7.3,7.4
824,大连,大连海鲜,理工小馆,32,48,7.2,7.3,7.4
825,大连,粤菜,广东菜馆,258,73,8.7,8.2,8.2
827,大连,面馆,李先生牛肉面(和平广场店)分店,439,26,8,7.8,7.5
834,大连,面馆,清香拉面(黑石礁店),2,14,7.1,7.1,7.3
839,大连,火锅,毕富肥牛海鲜豆捞(湾家店)分店,99,77,9,9.1,9.1
840,大连,火锅,过锅瘾三汁焖锅(罗斯福店),15,73,7.8,7.7,7.6
841,大连,火锅,何鲜菇(八一路店)分店,230,88,8.1,8.2,8.3
842,大连,火锅,李记铸铁锅炖鱼(胜利路店),108,82,8.4,8.6,8.6
843,大连,火锅,川江石锅鱼(远洋时代城店),3,28,7.2,7.2,7.2
844,大连,烧烤,大连胖姐活羊烧烤家乡菜分店,66,57,8.9,8.7,8.7
845,大连,烧烤,轮转时光只是家串店(开发区店),281,85,8.2,8.4,8
847,大连,烧烤,锦州烧烤(山东路店),5,48,7.5,7.5,7.5
848,大连,烧烤,徒手串吧,35,32,7.6,7,7.6
849,大连,小吃快餐,王味轩螺蛳粉,46,16,8.2,7.6,8.2
850,大连,小吃快餐,槐念老大连海鲜蒸包(联合路店)分店,251,46,8.2,7.8,7.7
851,大连,小吃快餐,吴小姐炒酸奶(胜利广场店),237,19,8.6,8.6,8.8
852,大连,烧烤,归田居果木烤全羊(金州向应店),33,88,7.3,7.8,7
853,大连,小吃快餐,老公的下酒菜,17,49,8.1,8.1,8.4
854,大连,小吃快餐,万丰居包子铺,64,18,7,7.2,7
855,大连,小吃快餐,玖个褶包子,38,22,7.6,7.5,7.4
856,大连,小吃快餐,吉野家(渤海明珠店),64,29,7.2,7.3,7.3
857,大连,小吃快餐,张亮麻辣烫(软景店),69,22,7.9,7.9,7.5
858,大连,小吃快餐,福乐牛肉面(菜市店),100,26,7.6,7.6,7.7
859,大连,小吃快餐,印度爸爸饼,13,10,7.2,7.2,7.6
860,大连,日本料理,胜代日本料理(人民路店),726,82,9,8.9,9
863,大连,日本料理,一幸_,70,170,8.1,8.1,8.1
864,大连,日本料理,千客万来烤肉日式料理,8,50,8.2,8.2,8.2
871,大连,咖啡厅,星巴克(大连机场国内候机楼店),47,39,8.5,8.5,8.4
872,大连,咖啡厅,COSTA COFFEE(罗斯福店),323,38,7.6,7.6,7.5
873,大连,咖啡厅,讲男讲女咖啡酒吧,122,50,7.6,8.1,7.9
874,大连,咖啡厅,余味咖啡,28,38,7,7.1,7.1
876,大连,韩国料理,肉趣InterestingMeat,137,108,8.4,8.7,8.8
877,大连,韩国料理,东儿冷面(黄河路店)分店,745,71,7.4,7.4,7.4
878,大连,韩国料理,泡菜妈咪石板烤肉,55,71,7.3,7.5,7.5
879,大连,韩国料理,光州炭火烤肉・石锅拌饭,389,64,7.8,7.8,7.6
881,大连,韩国料理,寻酒人明太,12,41,7.3,7.1,7.1
883,大连,韩国料理,韩国紫菜包饭,4,15,6.1,6.1,6.1
889,大连,西餐,P&C美味来披萨炸鸡(三八广场店)分店,265,56,8.8,8,8.7
894,大连,自助餐,中山大酒店自助,106,96,7,7.5,7.4
895,大连,自助餐,红龙虾海鲜火锅烤肉自助(金州店)分店,486,62,7.9,8,8.2
896,大连,自助餐,众德济老汤剁馅灌汤饺自助,69,22,7.9,8,7.6
897,大连,面包甜点,莉蒂娅城堡榴芒蛋糕(锦辉购物广...,127,38,9,8.9,8.7
898,大连,面包甜点,捞姐水果捞(友好店),33,22,8.6,8.4,8.6
900,大连,面包甜点,泷千家(凯德和平广场店),503,11,8.4,8.5,8.7
901,大连,面包甜点,乐姿_子工坊(开发区安盛店),46,34,7.9,8.1,8
902,大连,面包甜点,好利来(黑石礁店)分店,193,37,7.8,7.8,7.8
903,大连,面包甜点,米洛克欧洲蛋糕店(佳兆业店)分店,2437,53,8,8.3,8.1
904,大连,面包甜点,五更天糖水老店(中山广场店),23,26,7.3,7.1,7.4
905,大连,面包甜点,乐享书吧(锦辉购物广场店),16,14,7.2,7.5,7.4
906,大连,面包甜点,艾德尔咖啡 Idea Coffee(科技广...,147,39,7.3,7.3,7.6
908,大连,其他,星海湾壹号,346,40533,8.4,9.3,8.6
910,大连,其他,臻品堂海参,2,200,7,7,7
911,大连,东北菜,大连湾旭日饭店(大连湾店)分店,46,90,7.5,7.2,7
915,东莞,私房菜,利苑私房菜,9,53,7,6.9,6.9
918,东莞,创意菜,热点大本营,39,47,7.6,7.6,7.1
919,东莞,小龙虾,大虾请留步,9,50,7.2,7.1,7.5
921,东莞,小龙虾,夜域小龙虾(厚街店),8,45,7.4,7.3,7.2
923,东莞,川菜,重庆万州烤鱼,1,35,6.9,6.9,6.7
925,东莞,川菜,川湘阁,1,46,6.9,6.9,6.9
927,东莞,湘菜,厨嫂当家(沙田店),1,58,7.3,7.3,7.3
928,东莞,湘菜,依锦还湘(东宝路店),2,35,7.2,7.2,7.2
929,东莞,湘菜,丈母娘家湘菜(虎门国际中心店),78,37,7.3,7.2,7.1
930,东莞,湘菜,筷乐湘村,132,57,7.6,7.8,7.8
931,东莞,湘菜,木桶饭(大岭山店)分店,2,15,7.1,7.1,7.1
932,东莞,湘菜,井冈山酒楼,1,30,6.9,6.9,6.9
934,东莞,湘菜,玺香缘,1,35,6.9,6.9,6.9
936,东莞,面馆,兴梅腌面(塘厦沃尔玛店),3,10,6.9,6.9,6.9
938,东莞,面馆,襄阳牛杂面,4,12,7,7,7
940,东莞,火锅,火汤港式牛肉火锅,67,117,8.3,7.9,8
942,东莞,火锅,赖胖子肉蟹煲,21,61,6.7,7.1,7
944,东莞,火锅,淼鑫猪肚鸡(沙田店)分店,18,46,7.4,7.5,7.4
945,东莞,火锅,味蜀吾老火锅(华南MALL店),66,72,7.2,7.3,7.2
947,东莞,火锅,淼福猪肚鸡(嘉荣店),18,34,7.2,6.9,6.8
948,东莞,火锅,潮香园牛肉店(虎门大道店),3,30,6.8,6.8,6.8
951,东莞,日本料理,_膳日本料理,15,31,7.5,7.4,7.6
954,东莞,韩国料理,the frypan韩国炸鸡啤酒(凤岗店)分店,11,35,7.6,7.6,7.6
958,东莞,粤菜,俺的江湖鱼(万科生活广场店)分店,90,59,7.6,7.9,7.8
959,东莞,粤菜,捞仔海鲜肥牛自助火锅,30,44,6.9,7,6.9
961,东莞,粤菜,牛哥厨房(塘厦总店),3,50,7.2,7.2,7.2
962,东莞,粤菜,豪京海鲜烧烤,50,79,7.1,7.1,7.3
964,东莞,粤菜,曼佧特国际大酒店望月轩中餐厅,1,70,7.2,7.2,7.2
966,东莞,东北菜,杨铭宇黄焖鸡米饭(第一国际店),248,16,7.9,7.8,7.9
969,东莞,小吃快餐,中山餐馆,55,20,7,6.4,6.7
970,东莞,小吃快餐,仟福粥城(时代店),60,53,7.4,7.4,7.5
972,东莞,小吃快餐,名爵茶餐厅,15,40,7.4,7.4,7.4
974,东莞,小吃快餐,真功夫(寮步欧尚店)分店,64,20,7.4,7.5,7.5
977,东莞,台湾菜,函萱美食餐厅,10,52,7,7.1,7.2
979,东莞,台湾菜,正宗台湾胡椒_(雍华庭店),29,78,7.5,7.3,7.4
981,东莞,西餐,必胜客(华南摩尔店)分店,139,64,7.2,7.3,6.7
982,东莞,西餐,西牛屋(东泰嘉荣店)分店,184,64,7.6,7.8,7.6
983,东莞,西餐,御丰安格斯主题餐吧,15,62,6.8,7.4,7.1
984,东莞,西餐,DIP IT(蒂璞),8,59,7.5,7.7,7.8
985,东莞,西餐,尊尚比萨(桥头店),5,30,7.1,7.2,7.1
988,东莞,西餐,名典咖啡语茶(大润发店),6,74,7.2,7.1,7.4
989,东莞,西餐,古纳克葡萄酒之翼主题会所,4,140,7,7,7
992,东莞,面包甜点,SUGARED,17,32,7.2,7.3,7.6
993,东莞,面包甜点,极光烘焙坊(明珠店),105,15,7.4,7.4,7.4
994,东莞,面包甜点,广隆蛋挞王(南城家乐福店),6,10,7.4,7.4,7.3
995,东莞,面包甜点,Rotiboy(万达虎门店),2,20,7.4,7.4,7.7
996,东莞,面包甜点,卡蜜林(凤岗三正财富新地店)分店,13,31,7.1,7.2,7.2
997,东莞,面包甜点,爱丽丝烘焙生活馆,5,50,7.3,7.7,7.7
998,东莞,咖啡厅,微咖啡(东城石井天骄店),5,22,7.5,7.5,7.5
999,东莞,咖啡厅,自信的一杯,1,21,7.6,7.6,7.6
1001,东莞,咖啡厅,英伦优品(二店)分店,13,31,7,7,7.1
1004,东莞,咖啡厅,潘朵拉・城市行动咖啡店(常平店),11,15,6.7,6.8,6.8
1005,东莞,咖啡厅,85极致咖啡,2,14,6.9,6.9,6.9
1010,东莞,其他,老陕面馆,3,19,7.5,7.8,7.5
1013,东莞,其他,海霸酒楼,1,48,7,7,7
1016,东莞,自助餐,欧亚国际酒店布拉格西餐厅,25,145,7.5,7.7,7.6
1017,东莞,自助餐,虎门美思威尔顿酒店(海之光自助...,47,195,6.9,7.5,7.4
1018,东莞,自助餐,稻城自助火锅城(厦边店),8,25,6.2,6.2,6.2
1027,佛山,小龙虾,阿青龙虾,17,12,7,7,7.1
1031,佛山,粤菜,有记餐厅(金鱼街店),287,43,7.9,6.9,7.1
1032,佛山,粤菜,三养堂素都(南海广场店)广告,280,68,8.2,8.7,8.2
1033,佛山,粤菜,热点・北京烤鸭小笼包专门店(保...,2065,59,8.3,8.6,8.7
1034,佛山,粤菜,年年顺景酒楼(黄海路店)分店,110,84,7.6,7.9,7.4
1035,佛山,粤菜,御海湾大酒楼,106,61,7.9,7.5,7.5
1037,佛山,粤菜,新胜利__,60,72,7.8,7.9,7.5
1038,佛山,粤菜,山水茶艺馆,43,57,7.5,7.3,7.2
1039,佛山,粤菜,意家之煮海鲜肥牛自助火锅(广佛...,323,55,7.3,7.5,7.4
1040,佛山,粤菜,河边农庄,20,51,7.1,6.8,6.8
1042,佛山,茶餐厅,幸福煮义(正苑店),72,60,7.2,7.5,7.4
1043,佛山,茶餐厅,红旗东盈酒楼,10,80,6.8,6.8,6.8
1044,佛山,茶餐厅,利苑烧腊专门店(体育路店)分店,192,20,7.1,6.5,6.6
1045,佛山,川菜,餐谋天下(水藤店),5,30,6.9,7.1,7.2
1047,佛山,川菜,南北旺,15,32,7.2,6.9,7.1
1048,佛山,川菜,蜀渝家宴饭店,4,39,6.9,7,7
1049,佛山,私房菜,正斗,11,68,6.9,6.8,6.9
1050,佛山,私房菜,西湖庄私房菜,20,33,7.5,7.5,7.4
1054,佛山,东北菜,东北人家(同济西路店),7,45,7,7,7.1
1059,佛山,湘菜,虾品阁,4,60,7.5,7.5,7.5
1060,佛山,湘菜,相遇湘(盐步店)分店,24,52,7.9,8.1,8.3
1062,佛山,湘菜,小湘厨(深村店),4,19,7,6.9,7
1068,佛山,粥粉面,肠粉世家,27,15,6.7,7,6.5
1069,佛山,粥粉面,真牛三遵义虾子羊肉粉,13,20,7.2,7.2,7.2
1074,佛山,粥粉面,刘福记桂林米粉(北_店),5,11,7,7,7
1077,佛山,火锅,探鱼(吉之岛店),656,68,8.4,8.6,8
1078,佛山,火锅,汕头老庄牛肉火锅(绿景店),65,39,7.4,7.3,7.3
1079,佛山,火锅,上院椰子鸡,52,90,7.5,7.7,7.5
1080,佛山,火锅,满香园火锅烤肉自助餐,51,43,6.8,7,6.8
1081,佛山,火锅,7牛杂火锅(勒流总店),10,34,7,7,7
1082,佛山,火锅,顺德区大良缘鑫饮食店,33,32,7.6,7.4,7.5
1083,佛山,火锅,福合埕牛肉火锅(黄岐二分店),36,43,7,6.5,6.5
1085,佛山,快餐简餐,巧阿婆烧汁鸡,9,20,7,7,7.2
1088,佛山,快餐简餐,鲜芋仙(容桂店),8,34,7,7.1,7.5
1092,佛山,韩国料理,妙香居韩国料理(鹏瑞利季华广场...,2097,63,8.3,8.4,8
1093,佛山,快餐简餐,粥家庄(普君店),259,22,7.2,7.1,7
1094,佛山,日本料理,松阪日本料理,212,93,7.9,8.1,8.3
1095,佛山,日本料理,金太郎拉面,135,50,8.4,8.8,9.1
1097,佛山,日本料理,寿司吧,1,50,6.9,6.9,6.9
1098,佛山,西餐,The paddy field 田野西餐厅(禅...,578,77,7.5,8.4,8.1
1100,佛山,西餐,KAKA CASTLE卡卡松堡,24,53,7.8,8.3,8.1
1101,佛山,西餐,蜜思沙拉Miss Salad(创意园店),228,47,6.3,6.4,6.1
1102,佛山,西餐,银太阳(雾岗路店),73,46,7,7.1,6.9
1103,佛山,西餐,石湾宾馆爱琴海西餐厅,73,36,7.2,7.3,7.5
1105,佛山,西餐,尊享披萨(杏坛店),31,18,7.3,7.4,7.4
1106,佛山,面包甜点,默,30,49,7.4,7.8,7.6
1107,佛山,面包甜点,洛菲尔面包坊(铂顿城店),27,14,7.9,8.2,8.1
1108,佛山,面包甜点,初茶(铂顿城店),15,15,7.7,7.9,8
1109,佛山,面包甜点,coco都可茶饮(创意店),22,14,7.2,7.3,7.3
1110,佛山,面包甜点,仙芋世家(南海广场店)分店,167,17,7.3,7.4,7.4
1111,佛山,面包甜点,探茶(龙江店),59,16,7.4,7.5,7.4
1112,佛山,其他,小绿柠越南汤粉(丽日广场店),45,30,7.9,8.1,8.5
1113,佛山,其他,The tipping point Cafe,6,20,7.1,7.2,7
1119,佛山,烧烤,马哥孛罗酒店露天餐吧,20,128,6.9,6.7,6.7
1127,佛山,小吃,老表艇仔粥(第一城店),29,16,7.3,7.1,7.3
1129,佛山,小吃,旺角亭,4,15,6.7,6.6,7.1
1131,佛山,小吃,我爱我烫麻辣烫,4,20,7.2,7.2,7.2
1142,福州,私房菜,不见不膳创意私房菜(东二环泰禾...分店,242,76,7.3,7.7,7.3
1149,福州,粤菜,中庚喜来登酒店采悦轩中餐厅,242,229,7.5,8.2,7.5
1150,福州,粤菜,创元 ・ 香港轩,16,68,7.2,7.3,7.2
1152,福州,海鲜,半岛翡丽海鲜自助餐厅,102,462,8.5,8.8,8.8
1153,福州,海鲜,海通上合自助百汇(五四北泰禾广...,4938,157,8.3,8.9,8.4
1154,福州,海鲜,漳港海鲜食府,24,76,7.1,6.8,6.9
1157,福州,海鲜,罗源湾海鲜吧,3,30,6.9,6.9,6.9
1161,福州,海鲜,罗源湾32号渔排,8,50,6.7,6.7,6.7
1162,福州,面馆,小松鼠拉面馆,22,18,7,6.7,7.2
1163,福州,面馆,渝香重庆小面,11,12,7.3,7.2,7.2
1165,福州,面馆,四川拉面,7,18,7.2,7.2,7.2
1173,福州,川菜,崔家菜小馆(东二环泰禾店),23,54,6.8,6.8,7.1
1174,福州,川菜,吃范儿,2,45,7,7,7
1175,福州,川菜,蜀留香烤鱼,3,50,7,7,7
1177,福州,川菜,水丽苑(东水店),23,35,6.9,6.6,6.8
1179,福州,川菜,阿彪烤鱼,6,31,7.1,6.6,6.2
1180,福州,火锅,烹然四季椰子鸡火锅,522,107,8.4,9.1,8.4
1183,福州,火锅,渔一尾,30,57,7.2,7.4,7.4
1185,福州,火锅,川湘缘潮汕牛肉火锅,1,72,7.3,6.8,6.6
1186,福州,火锅,牛宴牛肉火锅,15,50,7.7,7.6,7.6
1189,福州,烧烤,江太翁生蚝(水南店),10,47,7.5,7.5,7.5
1192,福州,小吃快餐,汀洲佬,7,15,7.4,7.5,7.4
1194,福州,小吃快餐,麦当劳(长乐西洋南路得来速店)分店,11,27,7.3,7.3,7.3
1196,福州,咖啡厅,Cafe We,1,50,7,7,7
1197,福州,咖啡厅,旗袍咖啡(三坊七巷店),43,41,7.6,7.9,7.9
1198,福州,咖啡厅,_\李家的逵(五四店)分店,119,42,7.6,9,8.3
1199,福州,咖啡厅,Double  i  coffee,34,41,8.4,8.4,8.4
1200,福州,咖啡厅,星空客厅咖啡馆,81,52,7.6,8.4,7.9
1201,福州,咖啡厅,漠啡咖啡(斗池路店),13,30,7.3,7.2,7.2
1202,福州,日本料理,元兆寿司(万象城店)分店,63,25,7.3,7.5,7.4
1203,福州,日本料理,味道园日式烧烤,10,74,6.9,6.9,6.9
1205,福州,日本料理,春江花月,3,22,6.9,6.9,6.9
1206,福州,韩国料理,百加百炭火烤肉专门店,936,89,8.7,8.7,8.5
1207,福州,日本料理,牛妈妈烧肉(万科店)分店,233,111,8,7.3,7.1
1208,福州,日本料理,达摩食堂(东大路店),21,88,7.5,7.5,7.7
1210,福州,韩国料理,欧巴韩国餐厅OppaKorean(学生街...,578,66,7.4,7.3,7.5
1211,福州,韩国料理,韩悦韩式烤肉(福清万达店),285,94,7.1,7.1,7.1
1212,福州,韩国料理,首尔厨房(学生街店),44,56,7,7.1,7.2
1214,福州,韩国料理,石锅拌饭(东方华庭店),2,28,6.8,6.8,6.8
1215,福州,西餐,这里有意式料理(东二环泰禾店)分店,237,59,8,8.4,8.2
1216,福州,西餐,EO蔬果料理(世欧店),70,75,7.6,8.2,7.6
1217,福州,西餐,雕刻时光咖啡馆(上三路店),275,46,7.5,7.6,7.3
1218,福州,西餐,DEC：20西餐厅,6,48,7.1,7.2,7.1
1220,福州,西餐,19番咖啡料理,29,51,6.5,6.7,6.4
1221,福州,西餐,西小游,2,15,6.9,6.9,6.9
1222,福州,自助餐,世纪金源大饭店(温泉公园店中餐...,29,176,6.9,7.1,6.9
1223,福州,自助餐,金太郎韩式自助烤肉火锅(台江万...分店,218,56,7.3,7.3,7.4
1225,福州,面包甜点,KOI Thé(福州东百元洪店),12,14,7.2,7.4,7.4
1227,福州,面包甜点,贡茶・漾漾好(世欧店)分店,671,18,8,8.1,8
1228,福州,面包甜点,85度C(东方店)分店,165,17,7.3,7.2,7.1
1229,福州,面包甜点,松枝记(三坊七巷店),13,17,7.2,7.2,7.2
1230,福州,面包甜点,罗得滋,31,15,7.5,7.6,7.5
1232,福州,面包甜点,SOLO复合式茶饮(大利嘉店)分店,11,16,6.9,6.9,7
1233,福州,面包甜点,大叔奶茶,60,13,7.5,7.5,7.5
1234,福州,面包甜点,澜记老香港茶点(黎明店),10,19,7.2,7.2,7.2
1235,福州,面包甜点,张阿姨奶茶,45,10,7.3,7.4,7.4
1236,福州,其他,莲花阁茶艺素食馆,88,287,7.4,7.8,7.4
1237,福州,其他,羽禾家宴,54,81,7.7,7.6,7.4
1240,福州,面包甜点,红糖馒头(温泉店),47,3,7.6,7.2,7.1
1248,福州,湘菜,婆一手(万达店)分店,58,38,7.3,7.3,7.4
1252,广州,私房菜,外婆家私房菜(大学城店),93,45,7.8,7,7.3
1253,广州,私房菜,茶档(花城汇店),122,31,6.8,6.9,7.3
1254,福州,湘菜,赣湘食舫(群众路店),3,40,6.8,7,6.8
1257,广州,粤菜,海门鱼仔店(花城宾馆店),819,99,8.2,8.4,7.4
1258,广州,粤菜,悦榕庄(白云旗舰店)分店,3414,86,8.3,8.2,7.9
1259,广州,粤菜,新泰乐(盘福店)分店,4039,88,8.1,7.4,7.2
1260,广州,粤菜,大岗仙庙烧鸡(客村店),1251,53,7.7,6.4,6.1
1261,广州,粤菜,东山小厨(东山口店),525,65,8,7.3,7.3
1262,广州,茶餐厅,好彩港式茶餐厅(乐峰广场店)分店,5311,59,7.7,7.5,7.3
1263,广州,粤菜,六三市农家美食村,514,59,7.6,7.6,7.4
1264,广州,茶餐厅,老港茶餐厅(海印又一城店),1298,45,7.6,7.8,7.6
1265,广州,茶餐厅,永隆茶餐厅,311,37,7.2,6.9,6.7
1266,广州,茶餐厅,火车头茶餐厅,95,48,7.2,7.7,7.4
1267,广州,茶餐厅,餐餐乐茶餐厅(汇美国际服装城店)分店,32,26,6.9,7,6.9
1268,广州,茶餐厅,唐人街老杨包子,70,40,7.2,7.4,7.4
1269,广州,茶餐厅,合口味粤菜,5,44,7,6.9,7
1271,广州,海鲜,万顷沙十四涌水产中心,86,93,7.3,6.7,6.9
1272,广州,茶餐厅,喜乐谷港式茶餐厅,9,26,7,7,7
1273,广州,海鲜,麻辣home趴海鲜外卖,14,95,7.6,7.4,7.8
1274,广州,海鲜,鸿瀛海鲜酒楼,165,45,7.1,6.8,6.6
1275,广州,海鲜,巴食锅儿(香雪中心城店),16,76,6.9,7,7
1278,广州,海鲜,水东渔村(梅花园店),65,56,7,6.7,6.9
1279,广州,海鲜,广源海鲜大排档,7,52,6.8,6.7,6.7
1280,广州,烧烤,Wut Put活泼 ・ 活海鲜烧烤,469,177,8.7,7.6,8.6
1282,广州,烧烤,野蛮人烧烤(田美店),1,40,7.1,7.1,7.1
1285,广州,烧烤,内蒙烤全羊(新市百信店),9,35,6.8,6.9,6.8
1290,广州,小龙虾,武宁炖钵,23,65,7.7,7.6,7.7
1291,广州,小龙虾,大闸蟹小龙虾,35,45,6.4,6.2,6.9
1292,广州,小龙虾,楚风流小龙虾&大闸蟹,375,107,8,7.3,7.8
1293,广州,小龙虾,一起吃小龙虾(万博店)分店,534,117,8.9,8.1,9
1304,广州,台湾菜,好客人家(广汕路店),2,31,7,6.8,7.2
1306,广州,江西菜,林记瓦罐汤,11,16,7.1,7.1,7.1
1307,广州,湘菜,佬湘楼(都市广场店)分店,1260,68,7.4,7.6,7.4
1308,广州,湘菜,湖南大碗菜馆(石岗分店),14,46,7.2,7.3,7.3
1314,广州,粥粉面,花悦溪牛肉粉,26,19,7.5,7.6,8.1
1315,广州,粥粉面,正宗柳州螺蛳粉(下渡路分店),8,10,7,7,7
1316,广州,粥粉面,大椰一粉(乐峰广场店)分店,2105,33,7.2,7.4,7.1
1317,广州,粥粉面,正宗潮州鱼蛋粉(东都店),23,13,6.7,6.7,6.7
1318,广州,粥粉面,渔乡米坊(大润发店)分店,31,18,7.2,7.3,7.3
1319,广州,粥粉面,味然香(区庄店)分店,64,12,7.1,6.8,6.7
1320,广州,粥粉面,洪阳正宗鱼头粥,5,23,7.7,6.9,7.5
1322,广州,西北菜,秦人美食(东风东路店)分店,37,15,7,6.8,6.9
1327,广州,西北菜,西北狼(GoGo新天地店)分店,60,50,6.6,7.2,6.8
1331,广州,川菜,探鱼(来又来时尚购物广场店)分店,3248,81,8.6,8.8,8.4
1332,广州,川菜,城中・_音乐餐酒馆广告,881,104,7.7,9,8
1334,广州,川菜,Mr.Hi海鲜生●小龙虾.烧烤.川菜....,62,76,8,8.1,8
1335,广州,川菜,禄鼎记(兴盛汇店)分店,2467,103,8.5,8.2,8.4
1336,广州,川菜,宽窄巷子.冒菜.香锅(正佳广场M层...,248,64,7.4,7.3,7.3
1337,广州,川菜,黔滋味贵州辣子鸡,41,52,8.6,8.5,8.9
1338,广州,川菜,黄记煌三汁焖锅(乐峰广场店)分店,2448,84,7.7,7.9,7.4
1339,广州,川菜,老家柴房,67,70,7.2,7.4,7.2
1340,广州,川菜,三顾冒菜(清湖店),34,31,7.6,7.5,7.7
1342,广州,川菜,田姐酸菜鱼,40,37,7.1,6.8,6.9
1344,广州,新疆菜,大疆味道.传统私房菜,18,50,7.1,7.2,7.4
1345,广州,素菜,老佛椰素菜餐厅(番禺店),155,79,7.7,8.2,7.9
1347,广州,素菜,思叙阁素食咖啡(北京路店),52,44,7.6,7.8,8.1
1348,广州,快餐简餐,小熊冒菜. 酸菜鱼麻辣香锅(大江...,58,40,7.3,8,8.3
1350,广州,快餐简餐,壹号炖品世家(龙珠店),47,42,7.2,7.1,7.2
1351,广州,快餐简餐,72街(沿江西店)分店,237,22,7.3,7.1,7.3
1352,广州,快餐简餐,鸣发哥港式茶餐厅(珠江新城店)分店,343,48,7.4,7.6,7.4
1353,广州,快餐简餐,华辉拉肠(惠福店)分店,195,14,7,7,6.9
1354,广州,快餐简餐,华辉拉肠(沙河店)分店,78,13,6.5,6.5,6.2
1355,广州,快餐简餐,煲掌柜(煲仔饭西村店),12,26,6.5,6.7,6.7
1356,广州,火锅,鱼满塘(富力海珠城广场店)分店,2556,80,7.7,8.4,8
1357,广州,快餐简餐,真功夫(金铂广场店)分店,247,24,7.4,7.6,7.5
1358,广州,火锅,汤响自助回转火锅百汇(乐峰广场...分店,802,50,7,7.1,7.2
1359,广州,火锅,顺德松记食店(四季天地店)分店,254,136,8.1,7.6,7.6
1360,广州,火锅,牛三签砂锅串串,39,63,7.8,7.4,7.4
1361,广州,火锅,麻田会(维家思广场店)分店,2808,91,7.8,7.5,7.1
1362,广州,火锅,壹品柠檬鱼(汇侨店),59,46,7.9,7.8,8.1
1363,广州,火锅,乙古香牛牛火锅,596,88,8.3,7.7,7.7
1364,广州,火锅,庭泊私房酸菜鱼,56,76,7.5,8,7.9
1365,广州,自助餐,外商大酒店美华阁餐厅,1207,132,8,8.7,8.6
1366,广州,自助餐,曼克顿西餐厅(市广路店),243,104,7.3,7.8,7.5
1369,广州,东北菜,高粱红东北饺子王(万达香雪商业...,15,27,6.8,7,7.2
1370,广州,东北菜,北方乡村饺子馆,1,35,6.9,6.9,6.9
1376,广州,韩国料理,Pelicana百利家炸鸡(江南西名店...分店,521,51,7.8,7.6,7.6
1377,广州,韩国料理,UFO宇宙锅(时尚天河商业广场店),95,55,7.1,7.5,7.4
1379,广州,韩国料理,妈妈厨房,61,33,7.4,7.1,7.5
1380,广州,韩国料理,首屋儿(正佳广场店),12,21,7,7.1,6.5
1384,广州,咖啡厅,LOCK CHUCK COFFEE,593,48,8.2,8.7,9
1385,广州,东南亚菜,曼古园百姓餐厅,105,62,6.6,7.1,6.7
1386,广州,咖啡厅,独立烘焙事务所Uniona Kahave Co...,139,35,8,8.2,8.3
1387,广州,咖啡厅,星巴克咖啡STARBUCK,31,34,7.6,7.1,7.1
1388,广州,咖啡厅,星巴克(保利香缤花园店)分店,157,39,7.1,7.3,7.1
1389,广州,咖啡厅,太平洋咖啡(西城都荟店)分店,237,34,7.5,7.8,7.6
1391,广州,咖啡厅,安氏咖啡Ahn's Coffee,65,37,7.4,8.2,8.1
1392,广州,咖啡厅,心窝244coffee,4,25,7.2,7.7,7.7
1393,广州,面包甜点,COCO TOO西餐&水果茶(珠江新城分...,2194,69,8.3,9,8.4
1394,广州,面包甜点,瑞可爷爷的店(东方宝泰店)分店,7257,36,8.3,8,8.1
1395,广州,西餐,很高兴遇见你(广州店)分店,6472,94,7.3,8.5,8.1
1396,广州,西餐,慕尼克1820德国餐厅(保利大都汇...分店,253,131,8.5,9,8.7
1397,广州,西餐,尊宝比萨(名门店)分店,1944,40,8.5,7.5,8.2
1398,广州,西餐,蜜方餐厅(永旺梦乐城店),250,67,7.7,8.7,7.6
1399,广州,西餐,尊宝比萨(北京路店),22,46,8.1,7.8,7.9
1400,广州,西餐,必胜客(黄埔东路店)分店,169,54,7.4,7.6,7.3
1401,广州,西餐,Zapata's萨帕塔餐吧,381,121,7.2,8.1,7.4
1402,广州,西餐,赛百味(乐峰广场店)分店,1086,27,8.5,8.2,7.9
1404,广州,小吃,遇见小面(保利中环广场店)分店,717,30,7.9,7.7,8
1406,广州,西餐,必胜客(宜安店)分店,393,56,7.1,7.7,7.2
1407,广州,小吃,三个辣椒牛肉粉(海珠丽影广场店)分店,632,33,7.3,7.7,7.3
1409,广州,小吃,老包子铺,35,23,7.4,7.3,7.1
1410,广州,小吃,弹丸滋地(潮楼名店城店)分店,82,14,7.7,7.3,7.5
1411,广州,小吃,第一面(新港中路店)分店,172,22,7.2,7,7.1
1412,广州,小吃,东北饺子坊,6,23,7.5,7.5,7.4
1414,广州,日本料理,大雄寿司(北京路店)分店,4203,86,8.6,8.5,8.6
1415,广州,日本料理,猫鲜生寿司料理(江南西店)分店,1562,73,8.1,8.7,8.6
1416,广州,日本料理,赤木寿司(五羊新城店)分店,678,71,8.7,8.1,8.1
1417,广州,日本料理,喜代村,30,100,7.2,7.5,7.3
1419,广州,日本料理,喜尔宾私房日本料理,20,72,7.3,7.3,7.5
1420,广州,日本料理,万岁寿司(从化欣荣宏店)分店,1303,77,8,8.3,7.7
1421,广州,日本料理,香巴拉坊(丽江花园店)分店,67,40,6.9,7.2,6.6
1422,广州,其他,Perry's Restaurant&Bar(林乐路...分店,144,61,7.1,7,7
1424,广州,其他,大塘烧鹅(洛溪专营店)分店,3,15,6.8,6.8,6.8
1425,广州,其他,光禄第,60,27,7.4,7.5,7.3
1426,广州,其他,泰豪时尚园林餐厅(百花广场店),74,68,6.7,7,6.7
1429,广州,其他,红棉珍味,18,50,6.9,6.6,6.4
1430,广州,其他,细工坊(海珠区罗马店),14,12,7.3,7.4,7.3
1431,广州,其他,兰州拉面,6,11,7.3,7.3,7.5
1434,贵阳,贵州菜,厨房里铁锅卤味(汇金星力城店),54,49,7.7,7.9,7.9
1435,贵阳,贵州菜,树厨地道黔菜餐厅(世纪金源店),36,88,7.1,7.5,7.3
1436,贵阳,贵州菜,杨阿姨丝娃娃店(都司路店),35,31,6.5,6.4,6.5
1437,贵阳,贵州菜,雨田辣子鸡,6,90,7.2,6.9,7
1438,贵阳,贵州菜,贤来居,1,35,7.2,7.2,7.2
1441,贵阳,贵州菜,懒人炒鸡(龙湾国际店),2,30,7,7,7
1445,贵阳,川菜,米辣原滋味麻辣香锅(南国花锦店),21,47,7.5,7.5,7.5
1446,贵阳,川菜,王记重庆特色纸上烤鱼(公园路店),18,43,7.7,7.7,7.8
1453,贵阳,粤菜,韩国酵素茶餐厅(美可土廊),4,30,6.8,6.9,7
1455,贵阳,粤菜,兰桂酒楼,16,122,7,7.4,7.3
1470,贵阳,快餐简餐,逍魂炒饭,129,15,7,6.5,6.6
1472,贵阳,快餐简餐,天府棒棒鸡(北京路店),6,19,7.3,7.3,7.3
1473,贵阳,快餐简餐,蜂子厨房便当,3,20,7.1,7.1,7.1
1475,贵阳,日本料理,卡米拉雷门拉面馆,512,52,7.9,8.3,8.4
1476,贵阳,烧烤,牛太郎自助烧烤(万宜广场店),61,63,7,7,7
1482,贵阳,西餐,斗牛士牛排餐厅(星力银海元隆广...分店,364,109,7.2,7.5,7.4
1484,贵阳,自助餐,重庆刘一手自助火锅(城基店)分店,388,56,8,8,8
1487,贵阳,面包甜点,惠诚滋知(花溪二店),83,15,7.5,7.4,7.4
1490,贵阳,面包甜点,四云奶盖贡茶(万科店),3,15,7.3,7.3,7.3
1492,贵阳,面包甜点,酒窝甜品(银海元隆),9,30,6.9,7,7.1
1500,贵阳,咖啡厅,咖啡陪你(花果园店),77,37,7.1,7.4,7.2
1501,贵阳,咖啡厅,五度咖啡,1,39,7,7,7
1502,贵阳,咖啡厅,原树咖啡,5,21,6.9,6.7,6.7
1516,贵阳,火锅,__老火锅(飞山街店),9,48,7.7,7.7,7.8
1517,贵阳,火锅,鼎牛潮汕牛肉火锅,34,82,7.6,7.6,7.4
1518,贵阳,火锅,重庆石灰市李串串(花果园店),14,52,7.3,7.2,7.2
1519,贵阳,火锅,林记顺心潮汕牛肉(飞山街店),75,89,7.6,7.9,7.7
1521,贵阳,火锅,泉湖渔村,1,70,6.8,7.2,7.2
1522,贵阳,小吃面食,嗨贝花甲,2,26,7.2,7,7
1523,贵阳,小吃面食,正新鸡排(贵阳锦越店),1,20,7.5,7.5,7.5
1525,贵阳,小吃面食,正新鸡排(高成店),15,13,7,7,7
1526,贵阳,小吃面食,丝语休闲驿站,3,21,7,7,7.1
1533,贵阳,其他,__捞(鸿通城店),25,57,7.4,7.4,7.5
1534,贵阳,其他,老太婆摊摊面(世纪城店),9,11,7.1,7.2,7.2
1535,贵阳,其他,0851香辣虾,9,26,7.2,7.1,6.7
1541,哈尔滨,海鲜,龙门花甲,3,15,6.9,6.9,6.9
1542,哈尔滨,海鲜,四海香馨月海鲜(香坊大街店)分店,197,74,7.9,7.6,7.6
1560,哈尔滨,粉面馆,大理寺过桥米线(霞曼街店),12,14,6.9,7.4,7.5
1562,哈尔滨,小龙虾,五柒小龙虾,1,34,6.9,6.9,6.9
1563,哈尔滨,川菜,串根香麻辣涮(会展店),112,55,8,8.1,8.4
1571,哈尔滨,咖啡厅,咖啡卜卜,57,30,7.2,7.3,7.3
1574,哈尔滨,粤菜,阳光小厨港式餐厅(艺汇家店),12,52,7.1,7.4,7.4
1575,哈尔滨,烧烤,大呼啦烤肉(海河东路店),119,46,7.9,7.7,7.8
1576,哈尔滨,烧烤,宝宇新悦串场,22,51,7.5,8.1,7.6
1577,哈尔滨,烧烤,撸串吧,88,64,7.3,7.5,7.2
1578,哈尔滨,烧烤,阿里巴巴(民生尚都店),13,55,7.3,7.5,7.4
1579,哈尔滨,烧烤,大胡子烧烤城(宏伟路店)分店,110,42,7.4,7.1,7.3
1580,哈尔滨,烧烤,一格烧烤,13,47,7.1,7.1,7.1
1581,哈尔滨,日本料理,咖喱张的口水小妹(西城红场店),7,30,6.9,7.3,6.8
1586,哈尔滨,日本料理,鲜悦寿司,9,26,7.3,7.2,7.3
1587,哈尔滨,韩国料理,一米鸡肉韩国料理(远大购物中心...,179,66,7.7,7.9,7.9
1589,哈尔滨,韩国料理,老朴朝鲜风味(嵩山店),340,49,7.7,7.6,7.7
1590,哈尔滨,韩国料理,烤肉乐,81,54,7.9,7.7,7.7
1594,哈尔滨,东北菜,桂萍餐馆,60,31,8.4,7.4,7.9
1595,哈尔滨,东北菜,高家小院(香坊店),22,50,7.7,7.6,7.7
1596,哈尔滨,东北菜,福成厚外婆家江鱼馆(宏伟路店),61,75,7.6,7.5,7.4
1597,哈尔滨,东北菜,神农笨锅炖(江南分店),140,34,7.9,7.5,7.8
1598,哈尔滨,东北菜,瀚八旗食府(淮河路总店),24,57,7.4,7.3,7.3
1600,哈尔滨,东北菜,中来顺回民饭店(农林二道街店),38,41,7.6,7.3,7.4
1601,哈尔滨,东北菜,三八饭店分店,14,38,6.9,6.9,7.1
1602,哈尔滨,火锅,炭火蛙居(开发区店),61,92,7.9,8.2,8.1
1603,哈尔滨,火锅,朋克家火锅便利餐厅(汉广店),21,37,8.5,9,8.5
1604,哈尔滨,火锅,3年6班火锅,4,60,6.7,6.7,6.8
1605,哈尔滨,火锅,丰记潮汕牛肉火锅,35,63,7.7,8,8
1607,哈尔滨,火锅,老华西(学府二道街店),54,57,7.2,7,7
1609,哈尔滨,火锅,锡林源骨汤涮肉坊,5,50,7.6,7.5,7.5
1610,哈尔滨,火锅,黄记煌三汁焖锅(道外店),36,54,7,7,7
1611,哈尔滨,火锅,辣乡老火锅,9,63,7.5,7.5,7.4
1612,哈尔滨,小吃快餐,春饼小吃,263,34,8.6,6.2,6.6
1613,哈尔滨,火锅,西园印象小火锅,40,47,7.4,7.4,7.4
1614,哈尔滨,小吃快餐,商委红肠,1365,129,8.5,7.2,7.1
1615,哈尔滨,小吃快餐,塞纳韩国炸酱面,10,14,7.6,7.4,7.5
1617,哈尔滨,小吃快餐,偶买噶(哈西万达店),5,20,7.3,7.4,7.4
1618,哈尔滨,小吃快餐,肯德基(三合路店)分店,30,31,7.4,7.4,7.4
1623,哈尔滨,小吃快餐,赖扁担重庆小面(香坊万达店),28,12,7.1,7.3,7.3
1624,哈尔滨,西餐,胡椒厨房(凯德广场学府店)分店,654,50,8.8,8.6,8.7
1625,哈尔滨,西餐,莉莉娅家常西餐(中央大街店),73,89,7.1,7.4,7.1
1626,哈尔滨,西餐,KOCO快の客汉堡,7,14,7.5,7.5,7.5
1627,哈尔滨,西餐,PURE健康轻食,2,30,7,7,7.3
1632,哈尔滨,面包甜点,好利来(乐松购物广场店),302,24,8.6,8.6,8.2
1633,哈尔滨,面包甜点,StandingDrinks三丁茶饮(悦荟店),51,14,7.5,7.8,7.9
1634,哈尔滨,面包甜点,葛雷船长甜甜圈(松雷商业南岗店),10,12,7.3,7.3,7.4
1636,哈尔滨,面包甜点,密蔻冷饮(世纪花园店),5,17,7.5,7.5,7.5
1638,哈尔滨,面包甜点,鲜果时间(西五道街店)分店,61,10,7.3,7.2,7.2
1639,哈尔滨,其他,蚝记,15,78,7.2,6.9,7.1
1643,海口,海南菜,拾味馆(海甸城店),24,62,7.4,7.6,7.4
1654,海口,粤菜,君晟红茶馆,41,62,7.2,7.7,6.8
1664,海口,川菜,麻辣跳跳香锅,4,35,6.8,7,7.1
1665,海口,湘菜,逅花园,56,74,7.5,7.3,6.9
1672,海口,火锅,椰子不语(宜欣店),179,89,8.1,8.4,7.7
1674,海口,火锅,京味小厨 北京涮羊肉,1,50,7,7,7
1676,海口,火锅,六爷烧烤火锅,5,50,7.2,7.2,7.2
1678,海口,火锅,冰火工房(府城店),7,15,6.9,6.9,6.9
1683,海口,小吃快餐,露莎(得胜沙店)分店,72,38,7.3,7.2,6.9
1684,海口,小吃快餐,张亮麻辣烫(南宝路店),22,18,7.1,7.1,7
1688,海口,烧烤,壹指烤吧,7,76,7.5,7.4,7.5
1689,海口,烧烤,尚道儿碳烤,1,39,6.9,7,7
1692,海口,西餐,佳客来牛排专家,11,52,7,6.8,7.1
1702,海口,面包甜点,么二抱罗粉(南宝店),155,25,7.6,8,7.7
1705,海口,面包甜点,哈根达斯(海口京华城店)分店,43,77,7.8,7.9,7.8
1707,海口,面包甜点,自游岛小站,9,21,7.3,7.3,7.4
1709,海口,面包甜点,大叔港式丝袜奶茶,16,12,7.3,7.1,7.1
1712,海口,日本料理,陇_烧肉酒场(宜欣店),100,120,8.2,8.6,8.3
1713,海口,日本料理,全手握寿司,7,12,7,6.9,6.9
1714,海口,韩国料理,金百合烤肉,21,29,7.3,7.4,7.8
1716,海口,其他,Half&Half,3,25,7.1,7.1,7.1
1717,海口,其他,沿江鸡餐厅,9,50,7.3,7.6,7.2
1718,海口,其他,兴家盛椰子鸡汤店,4,35,6.3,6.3,6.3
1719,海口,其他,尚和轩,10,38,7.6,7.3,7.6
1722,海口,其他,3咖啡,7,32,7.1,7.3,7.3
1723,海口,其他,龙泉咖啡(大同路店),4,38,6.7,7.1,7.1
1738,杭州,粤菜,香港新记茶餐厅(古墩店)分店,1694,51,7.7,8.4,7.8
1739,杭州,粤菜,MyWay麦味餐厅(西溪店),23,39,6.9,7.3,7.4
1745,杭州,川菜,汝拉小镇焰鱼码头餐厅(福堤店)分店,1779,81,7.7,8.8,7.9
1746,杭州,川菜,新郭记烤鱼(万达店),2,40,7.3,7.3,7.5
1749,杭州,川菜,好巴适川味香锅(富阳店),35,39,7.3,7.1,7.1
1752,杭州,湘菜,蛙来哒(中大银泰城店),136,81,7.9,8.2,7.6
1755,杭州,湘菜,火红年代,5,61,6.9,6.9,6.9
1757,杭州,湘菜,湘味观,435,54,7.7,7.3,7.4
1759,杭州,杭帮/江浙菜,岽阳餐馆(长生路店)分店,3635,73,8.8,8.5,8.3
1760,杭州,杭帮/江浙菜,老头儿油爆虾(姚园寺店)分店,2494,55,7.9,6.5,6.6
1761,杭州,杭帮/江浙菜,雷峰塔・藕香居餐厅,118,66,7.4,9.1,8.4
1762,杭州,杭帮/江浙菜,绿茶青年中餐厅,743,61,7.7,8.5,8.4
1763,杭州,杭帮/江浙菜,浙江宾馆中餐厅(花园餐厅、茶吧)分店,315,142,7.6,8.6,8.2
1765,杭州,小龙虾,啪嘭papong龙虾料理(中赢康康谷...广告,36,121,8.6,8.5,8.5
1767,杭州,烧烤,明洞世家(萧山工人路店)分店,589,78,9,9.1,9.1
1768,杭州,烧烤,胖子烧烤,87,50,7.6,7.2,7.5
1769,杭州,烧烤,大西北特色烧烤,3,35,7.5,7.5,7.5
1771,杭州,烧烤,北方烧烤店,14,73,6.9,6.7,6.9
1772,杭州,烧烤,蒙太祖碳烤羊腿(北景园店),37,230,7,6.8,7
1773,杭州,烧烤,食肉者(万亚美食城店),6,30,7.1,6.9,6.9
1775,杭州,创意菜,舍逸艺术餐厅(城西银泰店),2237,105,8,9.1,8.1
1776,杭州,烧烤,鑫千里烤肉,79,45,7.3,7,7.2
1777,杭州,创意菜,火舞鱼,2,40,7.2,7.2,7.2
1778,杭州,创意菜,阿瓦山寨主题餐厅(滨江星光大道...,1166,64,7.1,7.2,7
1779,杭州,创意菜,顾家肉蟹煲(运河上街购物中心店),625,72,7.3,7.5,7.4
1780,杭州,火锅,阳光码头海鲜豆捞(文一路店),4128,156,8.8,9,9.1
1781,杭州,火锅,厕所串串(孩儿巷店),61,38,7.9,7.7,8
1782,杭州,火锅,串否成都串串料理,141,53,8.9,8.7,8.9
1783,杭州,火锅,许府牛・潮汕鲜牛火锅(海创园店),417,83,7.1,7.4,7.3
1784,杭州,火锅,澳门豆捞(南山店)分店,903,149,7.4,7.4,7.4
1785,杭州,火锅,京城里火锅,87,96,7,7.2,7.2
1786,杭州,火锅,鲜潮牛潮汕牛肉火锅,215,77,7.8,8,7.8
1787,杭州,小龙虾,新浪有约Plus,150,105,7.5,7.6,7.4
1789,杭州,小龙虾,虾客精致海鲜辣卤,3,65,6.3,6.3,6.4
1790,杭州,小龙虾,萧山朱大龙虾馆,15,99,6.7,6.9,6.9
1795,杭州,韩国料理,炭膳宫韩国烧烤(九堡新天地店),3,47,6.9,6.9,6.9
1799,杭州,面馆,好好面馆,40,23,7.4,7.5,7.3
1800,杭州,面馆,老六面馆,42,20,7.6,7.2,7.3
1801,杭州,面馆,秦云老太婆摊摊面(西田城店),39,28,6.8,7.4,7
1802,杭州,面馆,金爸爸口感面,275,18,7.6,7.4,7.7
1803,杭州,面馆,素面馆,23,23,7.6,7.2,7.5
1804,杭州,面馆,来翠面馆,42,31,7.6,6.5,7
1807,杭州,面馆,老汤面疙瘩,19,12,7,7.3,7.3
1808,杭州,面馆,品劲道私房面(华元店),12,15,7.4,7.3,7.4
1810,杭州,自助餐,滨江希尔顿度假酒店壹咖啡,377,184,7.7,8.7,8.1
1812,杭州,西餐,ZJ TACO&GRILL BAR,81,58,8,8.7,8.5
1813,杭州,西餐,蜜桃咖啡(滨盛路店)分店,520,99,8.5,9,8.6
1814,杭州,西餐,MOKA Bros摩卡站,193,83,7.5,8.7,8.6
1815,杭州,西餐,慕玛披萨Muapizza(教工店)分店,27,38,8.2,8,8.5
1816,杭州,西餐,玛格利塔披萨(萧山店)分店,19,13,7.2,7.2,7.2
1817,杭州,西餐,爱尚披萨,18,29,7,7,7
1818,杭州,西餐,逸庭果木牛扒Bar,159,114,7.9,8.2,8.3
1820,杭州,西餐,贵族世家牛排(立山店),49,70,7.3,7.4,7.5
1827,杭州,小吃快餐,遵义虾子张六羊肉粉广告,878,24,8.7,8.6,8.7
1828,杭州,小吃快餐,桃园眷村(国大广场店),256,36,7.5,8.5,7.7
1829,杭州,小吃快餐,咬不得高祖生煎(火车东站店)分店,330,20,7.4,7.4,7.2
1830,杭州,小吃快餐,家有好面(西湖银泰城店),371,33,7.8,7.9,7.6
1831,杭州,小吃快餐,肯德基(杭州丁桥店)分店,50,49,7.2,7.5,7.4
1832,杭州,小吃快餐,肯德基(杭州西溪印象城店)分店,70,32,7.2,7.3,7.3
1834,杭州,其他,金孔雀云南风情主题餐厅,31,52,6.9,7,6.9
1837,杭州,日本料理,御牛道日式料理炭火烤肉(中山中...分店,2102,180,9.1,8.9,8.9
1838,杭州,日本料理,鳗道(湖滨银泰in77店),360,91,7.9,7.8,8.4
1839,杭州,日本料理,旬日本料理,329,131,8.3,8.8,8.7
1840,杭州,日本料理,户隐日本料理,226,106,8.7,9.1,9
1842,杭州,日本料理,菊川料理(旺角店)分店,397,127,7,7.6,7.3
1849,杭州,茶馆,三清茶叙,26,163,,,
1854,杭州,茶馆,福雨轩茶业,1,64,,,
1857,杭州,茶馆,清水清叶茶楼,2,,,,
1861,杭州,海鲜,海洋生活(蓝色钱江店)分店,89,302,7.6,7.7,8
1862,杭州,海鲜,本家食养,138,99,7,6.9,6.9
1863,杭州,海鲜,旺角海鲜城,56,53,7.5,7.3,7.3
1864,杭州,海鲜,温州海鲜黄牛排馆,43,132,7.8,7.2,7.4
1867,杭州,面包甜点,弥茶(运河上街店)分店,41,16,7.7,8.2,7.9
1868,杭州,海鲜,嚼乐煲庄,5,50,7,6.9,6.9
1869,杭州,面包甜点,七七家的私房蛋糕,16,73,7.3,7.2,7.4
1870,杭州,面包甜点,杭州凯悦酒店・酥园,471,74,7.5,7.4,7.3
1871,杭州,面包甜点,香妃酥后(西湖银泰城店)分店,336,32,7.7,7.9,7.9
1872,杭州,面包甜点,AKOKO曲奇,59,165,7.6,7.6,7.5
1873,杭州,咖啡厅,星巴克(杭州曲院风荷店)分店,487,38,8.1,8.6,8.1
1874,杭州,咖啡厅,夏日花园 咖啡.小厨,573,124,7.9,8.7,8
1876,杭州,咖啡厅,青享＋咖啡,28,26,8.3,8.3,8.3
1877,杭州,咖啡厅,Mingle 漫戈咖啡,1,76,7.1,7.1,7.1
1878,杭州,咖啡厅,悠舍,13,46,7.5,7.5,7.5
1879,杭州,咖啡厅,_一咖啡,55,50,7.5,7.4,7.5
1880,杭州,咖啡厅,拾穗咖啡馆,44,71,7.3,7.3,7.6
1881,杭州,咖啡厅,即有咖啡Jooooy Coffee,22,55,7.7,8,7.7
1889,合肥,小龙虾,万氏小胖子功夫龙虾,34,111,7.9,8.5,7.8
1891,合肥,徽菜,微山湖地锅城(琥珀山庄店),256,41,7.6,7.2,7.3
1893,合肥,徽菜,乡味小厨,478,47,7.3,7.6,7.3
1895,合肥,徽菜,润锦大酒店,4,50,7.4,7.4,7.4
1902,合肥,川菜,五七油焖大虾,90,99,7.2,7.7,7.6
1903,合肥,川菜,紫燕百味鸡(琅琊山店)分店,95,18,7.6,7.5,7.4
1904,合肥,川菜,紫燕百味鸡(大通店)分店,149,18,7.7,7.6,7.5
1905,合肥,川菜,紫燕百味鸡(淠河路店)分店,312,15,8.1,7.9,8
1906,合肥,川菜,三味鱼馆,12,38,7.2,7.1,7.2
1918,合肥,农家菜,银领人家,4,39,7,6.9,6.9
1937,合肥,韩国料理,铭家料理,4,15,7.7,7.7,7.7
1943,合肥,面包甜点,仟吉西饼(财富广场店)分店,328,25,8.3,8.4,8.2
1944,合肥,面包甜点,柏兆记(芜湖路店),414,19,8.6,8.7,8.5
1945,合肥,面包甜点,詹记宫廷桃酥王(淮河路店)分店,674,15,8.1,7.3,7.3
1946,合肥,面包甜点,仟吉西饼(星达城店),4,25,6.6,6.9,6.9
1947,合肥,面包甜点,COCO都可茶饮(临泉店),7,10,7.3,7.3,7.3
1948,合肥,面包甜点,超港连锁烘培(天鹅湖万达店),34,20,6.9,7,6.9
1951,合肥,面包甜点,猫山king榴莲甜品(要素大市场店)分店,75,23,7.8,7.7,7.8
1952,合肥,面包甜点,仟吉西饼(百脑汇店)分店,137,19,7.5,7.5,7.5
1953,合肥,面包甜点,猫山王榴莲甜品(新地购物中心店),2,32,7.4,7.4,7.4
1954,合肥,西餐,burger kitchen罗拔汉堡,89,45,8.8,8.8,8.8
1956,合肥,西餐,小茉家DIY亲子餐厅,2,50,7.2,7.2,7
1957,合肥,西餐,DoubleSeven77牛排法餐厅(天鹅湖...,206,121,6.3,7,6.5
1958,合肥,西餐,汉格瑞,1,18,7.2,7,7.2
1959,合肥,西餐,吉莱士汉堡,32,16,7.4,7.5,7.4
1960,合肥,西餐,see you休闲餐厅,1,25,6.9,6.9,6.9
1965,合肥,海鲜,胡大肥虾蟹,3,30,7.3,7.3,7.3
1968,合肥,海鲜,鼎口肉蟹煲(星达城店)暂停营业,6,55,7,7.2,7.4
1969,合肥,火锅,虾吃虾涮,57,60,7.4,7.5,7.4
1970,合肥,火锅,东来顺(万达茂店),36,113,6.9,7.1,7
1971,合肥,火锅,《0048》香辣虾(铜陵路店)分店,518,56,8,8,7.8
1973,合肥,其他,粗茶淡饭(天鹅湖银泰城店),4,10,7.8,7.8,7.8
1974,合肥,其他,必胜客(合肥瑶海万达店PH店)分店,10,65,6.7,7.2,7
1975,合肥,其他,日日红蒸菜馆,6,13,6.9,7,6.8
1981,合肥,火锅,川老饕火锅,12,85,7.5,7.6,7
1982,合肥,火锅,川魂帽牌货冒菜(信地店),18,12,7.6,7.7,7.6
1983,合肥,火锅,川都鱼捞,5,47,7.2,7,6.7
1984,合肥,火锅,解馋牛骨火锅,85,48,7.5,7.4,7.6
1985,合肥,自助餐,首尔海鲜烤肉自助餐厅,376,61,7.7,8.3,8.2
1986,合肥,自助餐,虾兵蟹将,57,37,7.3,7.4,7.5
1987,合肥,自助餐,博悦公馆尚悦自助餐厅,231,84,7.9,8.3,8.3
1988,合肥,咖啡厅,春山咖啡馆,41,37,7.6,8,7.7
1994,合肥,粤菜,大众卤菜,56,19,7.6,7.6,7.7
1995,合肥,烧烤,岳家水浒烤肉,75,69,8.3,8.1,8.9
1996,合肥,烧烤,祥记海鲜烧烤(1912店),73,78,7.4,7.5,7.7
1997,合肥,烧烤,汉釜宫韩式烤肉自助餐厅(宝业东...,772,39,7.8,8,7.8
2005,合肥,小吃快餐,爱情麻辣烫,10,14,7.1,7.1,7.4
2006,合肥,小吃快餐,渝伢子重庆小面(天鹅湖万达),376,15,8.2,8,8.2
2007,合肥,小吃快餐,无敌铁炮,3,18,7.7,7.7,7.7
2008,合肥,小吃快餐,老乡鸡(水阳江路店)分店,275,20,7.9,8,7.8
2011,合肥,小吃快餐,元禧日式料理,15,13,7.5,7.5,7.4
2013,惠州,川菜,生态园醉鹅,1,25,6.9,6.9,6.9
2014,惠州,川菜,湘川菜馆,3,51,6.9,6.8,6.9
2016,合肥,小吃快餐,刘主任秘制牛肉面,58,13,7.6,7.5,7.6
2018,惠州,川菜,熊二虾庄,2,30,7.1,7.1,7.2
2019,惠州,川菜,小洞庭石锅鱼(焦田店),9,13,7.1,7,6.9
2020,惠州,川菜,柳叶湖食府(泮沥路店),2,40,6.9,6.9,6.9
2026,惠州,农家菜,乡味农庄,3,30,7.1,7.1,7.1
2029,惠州,客家菜,TCL国际酒店龙腾酒家,26,36,7.4,7.4,7.2
2030,惠州,客家菜,天鹅湖农庄,88,66,7,7,6.9
2031,惠州,客家菜,嘉宴酒楼,80,50,7.3,7.4,7.3
2032,惠州,客家菜,龙泉苑土菜馆,11,40,7,7,7
2037,惠州,湘菜,小方桌湘菜馆(淡水店),2,35,7,7,7
2038,惠州,湘菜,湘荷人家木桶饭(麦地店),2,12,7,7,7
2052,惠州,海鲜,衙前湾海鲜饭店,14,61,7.4,7.2,6.9
2055,惠州,粤菜,老锦记潮汕牛肉馆(河南岸店)分店,81,64,7.6,7.4,7.7
2058,惠州,粤菜,文泽轩茶餐厅,18,29,7,7.1,7.3
2067,惠州,粤菜,宏峰食馆,11,38,7.1,6.8,6.9
2076,惠州,火锅,壹品柠檬鱼,3,50,7.2,6.9,7.1
2077,惠州,火锅,老锦记潮汕牛肉馆(惠东店),6,40,7.4,7.5,7.4
2080,惠州,火锅,丁亮麻辣汤,5,35,7,6.8,7
2094,惠州,烧烤,木槿花韩式自助烤肉,3,53,7.2,7.1,7.3
2095,惠州,韩国料理,韩国小屋,9,30,6.8,6.5,6.6
2098,惠州,西餐,Three Monkeys音乐西餐厅,30,78,7.4,7.5,7.4
2099,惠州,西餐,米兰之恋西餐厅,4,41,7.2,7.2,7.2
2100,惠州,西餐,杰士炸鸡汉堡,11,16,7,7,7
2107,惠州,咖啡厅,_禾料理,1,35,7.3,7.3,7.3
2111,惠州,快餐简餐,肯德基(南湖花园店),17,26,7.2,7.2,7.2
2112,惠州,快餐简餐,冒菜老号(美博城店)分店,82,38,7.2,7.6,7.5
2113,惠州,快餐简餐,雄记猪肉汤(惠州华润万家店)分店,51,23,7.2,7.2,7.1
2114,惠州,快餐简餐,蒸膳美(澳头),3,20,7.1,7.1,7.1
2115,惠州,快餐简餐,御品阿皇仔(江北三新店)分店,70,32,7.1,7.2,7.1
2117,惠州,快餐简餐,六姑饺子馆,3,10,6.8,6.8,6.8
2118,惠州,快餐简餐,德鑫全排骨米饭(澳头店),6,16,7.1,7.1,7.1
2119,惠州,面包甜点,红茶馆甜品屋(南门路店),13,10,7.5,7.4,7.3
2122,惠州,面包甜点,大卡司(南门西街店)分店,36,11,7.2,7.3,7.2
2124,惠州,其他,田心坊(三分店),1,15,7.1,7.1,7.1
2127,惠州,其他,中国兰州牛肉拉面,1,26,7.5,6.8,7.5
2130,惠州,其他,品味轩饭店,4,45,6.8,6.8,6.7
2137,济南,小龙虾,麻小龙虾,25,81,7.1,7.4,7.1
2140,济南,川菜,桃花洛音乐餐厅,608,100,7.5,9.1,7.8
2143,济南,川菜,九月天(省体店)分店,822,59,7.4,7.6,7.2
2146,济南,川菜,川味家常菜,1,20,7,7,7
2148,济南,江浙菜,浙江饭庄(渔府饭堂店),5,45,6.7,6.8,6.8
2151,济南,粤菜,高第街56号餐厅(世茂国际广场店)分店,210,66,8.3,9.1,8.8
2155,济南,北京菜,小城故事(优品汇奥特莱斯店)分店,992,37,8,8.2,7.8
2158,济南,东北菜,东北私房菜馆,3,39,7.1,7.1,7.1
2164,济南,海鲜,劈柴院(贤文庄店),98,75,7.6,7.1,7.4
2165,济南,海鲜,许记胶东海鲜惠宾楼(许记全羊馆),111,50,6.9,7.2,7.3
2166,济南,东北菜,老根山庄暂停营业,7,29,7,7.1,7
2178,济南,鲁菜,小广寒.电影艺术餐厅(经三路店),332,373,8.2,9.1,8.7
2179,济南,鲁菜,八不食儒家菜馆(建新路店),32,66,7.2,7.5,7.2
2181,济南,鲁菜,加个桌(南辛庄店)分店,45,48,7.3,7,7
2182,济南,鲁菜,枣庄庄,22,38,7.2,7.2,7.3
2183,济南,鲁菜,印象情怀食府,13,63,7.6,7.7,7.7
2184,济南,粉面馆,亮亮面馆(小吃城店),438,19,7.4,6.7,6.5
2185,济南,鲁菜,乡巴佬家常菜,15,56,7.2,6.8,7.2
2188,济南,粉面馆,御香缘过桥米线(山大路店),12,15,7.2,7.4,7.3
2190,济南,粉面馆,天下第一粉,2,11,7.1,6.8,7.4
2191,济南,粉面馆,陈记面馆,1,14,7.2,7.2,7.2
2192,济南,粉面馆,统味100精致牛肉面(亿食客超级连...,9,17,6.9,7.1,7.1
2193,济南,粉面馆,董小姐海派主题面馆,2,25,7,7,7
2194,济南,粉面馆,火锅酸辣粉,5,11,7,7,7
2195,济南,粉面馆,天下第一粉(桑园路西首),1,11,7.1,7.1,7.1
2197,济南,火锅,馐馐邻家外送小火锅(佛山街店),23,46,7.8,7.9,7.4
2198,济南,火锅,重庆小天鹅(花园路店)分店,683,72,7.7,7.2,7.1
2199,济南,火锅,捞天下火锅,96,85,7.7,7.5,7.5
2203,济南,日本料理,炭烧一丁日式烤肉广告,221,120,9,9,9.1
2204,济南,日本料理,清石寿司(世茂国际广场店),40,26,7.3,7.8,7.9
2205,济南,日本料理,味千拉面(体育中心店)分店,161,40,6.8,6.5,6.4
2210,济南,小吃快餐,我为猪狂主题餐厅(芙蓉街店),34,40,7.5,8.4,8.3
2211,济南,小吃快餐,陕十三肉夹馍,109,19,7.5,7.9,7.4
2212,济南,小吃快餐,成家凉皮(文化东路店),36,15,7.2,7.3,7.3
2213,济南,小吃快餐,药膳把子肉米饭,11,16,7.4,7,7.1
2214,济南,韩国料理,obba kitchen韩式炸鸡(宽厚里总...分店,853,35,8,8.3,8.2
2215,济南,韩国料理,完山州烤肉拌饭(洪楼淘宝街店),13,11,7.2,7.1,7.1
2218,济南,小吃快餐,老陈家豆腐脑,16,10,7.2,7.1,7.2
2220,济南,自助餐,济南鲁能贵和洲际酒店自助餐厅,864,165,7.4,8.7,8.2
2221,济南,自助餐,素和美素食文化餐厅,233,35,7.9,8.3,8.2
2224,济南,咖啡厅,大朴咖啡西餐厅,45,77,7,7.1,6.8
2227,济南,咖啡厅,灵犀咖啡,28,30,7.3,7.3,7.3
2229,济南,面包甜点,LA MIMOSA  拉米莫萨鲜花法式西...,63,49,8.7,8.7,8.8
2232,济南,面包甜点,想念&味道,64,14,7.5,7.6,7.6
2233,济南,面包甜点,萌蒂甜品分店,13,25,7.4,7.5,7.6
2234,济南,面包甜点,月亮湾炒酸奶(泉城广场韩国城店),15,7,7.3,7.3,7.2
2241,济南,烧烤,龙都烤肉海鲜自助餐厅,853,47,8,8.3,8
2242,济南,烧烤,鼎昌轩铁板烧,53,41,7.1,6.4,6.6
2243,济南,烧烤,梧桐树下啤酒花园,6,50,7.3,7.4,7.3
2244,济南,烧烤,一九邵家烧烤,26,74,7.1,7,7.4
2245,济南,烧烤,田园牧歌烧烤,3,50,7.2,7.2,6.9
2246,济南,西餐,兰桂坊西餐厅,38,32,7.3,7.3,7.3
2248,济南,西餐,迈德思客(崮山店),121,14,7.5,7.5,7.6
2250,济南,西餐,必胜客(联荷广场PB5055)分店,914,68,8.6,8.8,8.2
2251,济南,西餐,玛格利塔(文化东路店),168,26,8,7.7,7.9
2255,济南,西餐,美味无穷之宅客披萨,2,14,7,7,7
2256,济南,其他,文氏湘菜馆(二店),9,42,6.5,6.6,6.5
2261,嘉兴,咖啡厅,维尼花园咖啡,104,69,7.5,7.7,7.7
2262,嘉兴,咖啡厅,8588咖啡烘焙(南溪店),13,10,7.6,7.6,7.5
2263,嘉兴,咖啡厅,巴黎・旧时光coffeeshop,2,22,7.2,7.2,7.2
2267,嘉兴,咖啡厅,CC CAFE,1,25,7,7,7
2273,嘉兴,川菜,顺风酸菜鱼馆,11,35,7.2,7.1,7.2
2274,嘉兴,川菜,蜀味园烧鸡公火锅,4,34,6.9,6.9,6.9
2286,嘉兴,海鲜,蒸会拼,71,130,9.1,9,8.9
2292,嘉兴,江浙菜,锦堂会所,74,364,7.7,7.7,7.6
2293,嘉兴,江浙菜,小桥人家川菜杭帮菜主题餐厅,16,61,7,7.5,7.5
2294,嘉兴,江浙菜,又一村酒家,551,62,6.9,7.4,7.1
2295,嘉兴,江浙菜,盛庭餐厅,35,121,7.4,7.6,7.6
2296,嘉兴,江浙菜,胖哥俩肉蟹煲(新华北路店)分店,8,72,7.3,7.2,7.3
2298,嘉兴,江浙菜,国强食府,19,81,7.3,7.3,7.3
2299,嘉兴,江浙菜,金龙门农家土菜,11,43,7.2,7,7.1
2303,嘉兴,火锅,川_火锅(平湖店),35,127,7.4,7.5,7.4
2304,嘉兴,火锅,魔法帽牛肉和酱料火锅(恒利店),3,50,7,7.1,7.1
2312,嘉兴,小吃面食,爱林小吃,8,11,7.4,6.9,7.4
2314,嘉兴,小吃面食,正新鸡排(周王庙4店),1,14,7.1,7.1,7.1
2318,嘉兴,日本料理,鲜聚寿司,13,18,7.5,7.4,7.6
2319,嘉兴,日本料理,英尚精致料理铁板烧,22,62,6.8,6.9,7.1
2320,嘉兴,小吃面食,福建沙县特色小吃(景宜路店),1,11,7,7,7
2326,嘉兴,粤菜,汤臣一品,3,45,7,7,7
2328,嘉兴,西餐,良库咖啡(嘉善店),70,73,7.8,8.6,8.3
2332,嘉兴,面包甜点,大通冰室,8,13,7.7,7.6,7.7
2333,嘉兴,面包甜点,街口奶茶,4,10,7.3,7.3,7.3
2334,嘉兴,面包甜点,美丽家(洪波店),22,14,7.2,7.2,7.2
2335,嘉兴,面包甜点,全新TEALAND甘茶度(华联总店),6,10,7.2,7,7.1
2336,嘉兴,其他,罗马天豪宴会中心,35,50,7.2,7.4,7.3
2338,嘉兴,其他,Mr.Greens,1,28,7.3,7.3,7.3
2347,嘉兴,快餐简餐,肯德基(桐乡时代店),26,29,7.4,7.3,7.4
2348,嘉兴,快餐简餐,华莱士(新华中路店),7,10,7.5,7.5,7.5
2350,嘉兴,快餐简餐,西塘老汤面疙瘩,8,10,7.3,7.2,7.4
2351,嘉兴,快餐简餐,夫子面,2,10,7.2,7.1,7.2
2356,嘉兴,烧烤,鸡翅包饭,1,11,7,7,7
2360,金华,川菜,三湘湘菜馆(北苑店),6,26,7.5,7.7,7.2
2361,金华,川菜,特色酸菜鱼,1,20,7.2,7.2,7.2
2381,金华,江浙菜,新中华大酒店,10,50,7.5,7.4,7.4
2382,金华,江浙菜,阿明蒸菜馆,7,35,7.4,7.4,7.4
2386,金华,江浙菜,百味鲜酒家,3,40,7,7,7
2388,金华,江浙菜,哈_农庄,6,41,7,7,7
2389,金华,江浙菜,诸暨外婆蒸菜,1,24,7,7,7
2391,金华,火锅,观窑砂锅串串香,38,73,7.1,7.1,7.2
2392,金华,火锅,孔姐串串火锅,37,76,7.1,7.3,7.1
2393,金华,火锅,重庆鸭肠王老火锅,18,46,7,7.2,7.2
2394,金华,火锅,福祺道新概念鱼餐厅(康庄南街),4,35,7,7,7.1
2396,金华,小吃面食,酒叔炖鸡饭(金玉巷店),1,15,7,7,7
2397,金华,小吃面食,第1佳鸡排(横店万盛南街店),22,15,7.1,7.1,7.1
2399,金华,小吃面食,91鲜果铺,2,15,6.9,6.9,6.9
2413,金华,西餐,Sydney Blue Restaurant & Bar ...,8,100,7.3,7.4,7.5
2414,金华,西餐,菲滋意式休闲餐厅(金华永康店),221,55,7.3,7,7.2
2415,金华,西餐,食得堡,1,10,6.9,6.9,6.9
2419,金华,自助餐,之江华美达广场酒店西餐厅,12,82,6.9,7.2,7
2431,金华,其他,应小姐的餐桌,7,20,7,7.2,7.1
2434,金华,其他,糖伴鲜,2,15,7.1,7.1,7.1
2435,金华,其他,兰州牛肉拉面,2,14,7.1,7.1,7.1
2438,金华,其他,全明星,1,10,7,7,7
2439,金华,其他,兴邦・北京烤鸭(八一南街店),1,25,6.8,7.3,7.3
2441,金华,其他,塔石人农家菜,1,20,6.9,6.9,6.9
2442,金华,快餐简餐,超凡炸鸡啤酒屋(江东店),10,20,7.4,7.4,7.4
2444,金华,快餐简餐,火锅冒菜(五爱店),5,18,7.5,7.3,7.4
2446,金华,快餐简餐,韦亮记黄焖鸡米饭,16,16,7.4,7.5,7.5
2447,金华,快餐简餐,杨国福麻辣烫(篁园店),13,24,7.4,7.4,7.4
2448,金华,面包甜点,三角猫与三角烧,3,10,7.5,7.7,7.7
2449,金华,面包甜点,山山烘焙(丹溪店)分店,238,31,7.9,8,7.7
2450,金华,面包甜点,美然・蛋糕烘焙专家(蒋堂店)分店,68,34,7.4,7.5,7.5
2451,金华,面包甜点,miss chen 私家蛋糕坊,5,11,7.3,7.3,7.3
2452,金华,面包甜点,雅岛英皇茶,5,15,7.2,7.2,7.2
2454,金华,日本料理,卷卷爱寿司,9,10,7.6,7.3,7.6
2476,昆明,云南菜,私荟迤萨花园餐厅,9,60,7.1,7.6,7.1
2477,昆明,云南菜,傣香淳(总店),59,57,7.3,7.2,6.8
2478,昆明,云南菜,青于蓝(园西路店),16,20,7.2,7.3,7.1
2479,昆明,云南菜,兴朝思茅野菜馆(昌宏路店),19,43,7.4,7.2,7.2
2488,昆明,川菜,川_,1,35,6.9,6.9,6.9
2490,昆明,川菜,一品川味苑,8,42,6.9,6.9,6.9
2491,昆明,火锅,莱莎公爵泰国海鲜火锅,215,89,7.8,8.4,8
2493,昆明,火锅,嫡炉火锅(南亚店),86,107,7.2,7.2,6.8
2494,昆明,火锅,读书铺酸笋鸡(滇池路旗舰店)分店,61,57,7.1,7,7
2495,昆明,火锅,老房老舍重庆传统火锅(穿金路店),17,55,7.5,7.6,7.6
2496,昆明,火锅,永昌清真火瓢牛肉分店,40,68,7.4,6.9,6.9
2497,昆明,火锅,鼎呱呱老火锅,4,37,7.5,7.6,7.6
2498,昆明,火锅,丽江腊排骨(北市区店),2,39,7.4,7.1,7.4
2500,昆明,烧烤,韩国纸上烤肉馆,3,34,7,6.8,6.8
2501,昆明,烧烤,东冬炸洋芋,16,4,7,6.8,6.9
2512,昆明,西餐,必胜客宅急送(霖雨路店),6,50,7.4,7.2,7.4
2514,昆明,西餐,当麦基DMJ萨客思,2,15,6.9,7,7
2515,昆明,西餐,嘉皇披萨,8,27,7,6.9,7.1
2519,昆明,面包甜点,痴草沙拉,22,41,7.5,7.4,7.4
2523,昆明,面包甜点,好利来(正义路店)分店,353,21,7.8,7.7,7.6
2524,昆明,面包甜点,嘉华饼屋(云安阳光城店),6,34,7.6,7.6,7.6
2525,昆明,面包甜点,经贸宾馆鲜花饼,40,23,7.3,6.8,6.8
2526,昆明,面包甜点,嘉华饼屋(东寺街店),20,58,7.7,7.7,7.5
2527,昆明,面包甜点,罗莎蛋糕(新迎店)分店,80,11,7.4,7.5,7.4
2528,昆明,面包甜点,嘉华饼屋(安康路店),24,10,7.3,7.3,7.2
2529,昆明,自助餐,昆明万达文华酒店美食汇自助餐厅,347,194,7.3,8.4,7.6
2530,昆明,自助餐,素吉祥素食主题餐厅,107,29,7.7,7.8,7.9
2533,昆明,小吃快餐,常来尝碗(环城东路店),126,17,7.9,7.9,7.9
2534,昆明,小吃快餐,东方之旅菊花过桥米线,11,11,7.4,6.9,7.2
2535,昆明,小吃快餐,洪闸官渡姐妹园(状元路店),22,15,7.3,7.2,7.1
2536,昆明,小吃快餐,北京烤鸭(青年路店),13,21,7,6.9,7.2
2537,昆明,小吃快餐,正新鸡排(官渡店),15,13,7.3,7.1,7.3
2538,昆明,日本料理,寿司小屋,2,10,7,7.1,6.9
2541,昆明,其他,非子书吧,128,43,8.3,8.3,8.2
2543,昆明,其他,尚品黄记煌三汁焖锅(世纪金源店),16,54,7.2,7.2,7
2544,昆明,其他,巳酉丑私人素厨,9,73,7,7,7.3
2545,昆明,其他,Chapter One,17,33,6.9,7,6.9
2547,昆明,其他,食膳酒楼,8,40,7.2,7,6.9
2552,兰州,川菜,辣界麻辣香锅(大润发店),6,33,7,6.9,6.9
2553,兰州,川菜,99烤鱼,4,39,6.9,6.9,6.9
2554,兰州,川菜,妈妈小厨,9,50,6.8,6.9,6.9
2559,兰州,湘菜,回家吃饭,4,34,7.5,7.5,7.5
2566,兰州,快餐简餐,肯德基(西津DT店)分店,25,31,7,7.1,6.9
2567,兰州,快餐简餐,百味集黄焖鸡米饭(兰州店),4,13,7,7,6.9
2569,兰州,快餐简餐,金强牛肉面(滩尖子店)分店,20,10,7.1,7.1,7.1
2571,兰州,快餐简餐,润仟祥黄焖鸡米饭(西北师大店),11,15,7.4,7.5,7.5
2572,兰州,快餐简餐,湘涛萨达姆牛肉面,118,9,7.1,6.6,6.6
2574,兰州,快餐简餐,北街口,31,21,7.2,7.3,7.3
2575,兰州,快餐简餐,好食多(百安店),16,20,7.2,7.2,7
2577,兰州,快餐简餐,东北饺子馆,5,16,7.3,7.2,7.2
2578,兰州,烧烤,高记铁板烧(甘南路店),13,32,7.2,7,7.1
2581,兰州,烧烤,赛百味烤坊,6,30,7.1,7,7
2588,兰州,自助餐,重庆巴将军自助火锅,13,37,7.2,7.4,7.4
2597,兰州,火锅,黄记煌三汁焖锅(甘南路店)分店,214,65,8.3,8.2,8
2598,兰州,火锅,九月娇时尚海鲜自选火锅超市(雁...,97,57,7.1,6.9,6.9
2599,兰州,火锅,清真・杨大师鸭爪爪特色火锅(瑞...,5,40,6.4,6.4,6.4
2600,兰州,火锅,嘉福元火锅全天营业(正宁路清真...,41,22,7.5,7.6,7.4
2601,兰州,火锅,逸山伍转转火锅(西固店),12,37,7.3,7.2,7.4
2602,兰州,火锅,飘飘鱼仙火锅鱼,44,68,7.4,7.6,7.4
2605,兰州,火锅,天怡音乐餐吧,7,50,6.9,6.9,7
2606,兰州,火锅,北家姓转转小火锅(正宁路店),9,33,6.8,6.8,6.6
2610,兰州,小吃面食,张掖路甜食店,88,11,7.2,6.7,6.6
2611,兰州,小吃面食,海龙炒面,18,14,7.4,6.7,6.7
2614,兰州,小吃面食,啃我黑鸭(和平镇店),2,28,6.9,6.9,6.9
2618,兰州,其他,纵横羊肉(铁路局店),88,63,7.8,7.6,7.1
2619,兰州,其他,6号楼（清真）民族餐厅,27,21,8.6,8.9,8.8
2620,兰州,其他,志斌羊羔肉,10,80,7.4,7.2,7.2
2621,兰州,其他,德克士(红星巷店)分店,20,25,7.3,7.4,7.3
2624,兰州,其他,馨隆海养生茶楼,10,39,7.1,7.1,7
2626,兰州,韩国料理,公主家的年糕火锅,34,48,7.4,7.5,7.5
2630,兰州,面包甜点,音桃咖啡,3,20,7,7.1,7
2631,兰州,面包甜点,花地甜品,1,20,7,7,7
2634,兰州,咖啡厅,放下咖啡,31,14,6.8,6.6,6.3
2643,南昌,湘菜,尝湘思私房菜馆,13,52,7.3,7.1,7.4
2645,南昌,赣菜,佐佑时尚经典餐厅(莲塘店)分店,674,57,7.7,7.7,7.7
2648,南昌,赣菜,家常饭(民德路店)分店,199,45,7,7,6.9
2649,南昌,赣菜,姐妹家风味馆,25,19,7.3,6.4,6.7
2650,南昌,赣菜,好滋味烧菜馆,5,10,7.5,7.5,7.5
2658,南昌,川菜,紫燕百味鸡(昌盛路店)分店,39,7,7.4,7.3,6.8
2660,南昌,小龙虾,丰城牛杂馆(贵妃龙虾粥城),6,26,7.3,7.4,7.4
2661,南昌,小龙虾,千味小馆,1,30,6.9,6.9,6.9
2662,南昌,小龙虾,丁桂付绝味龙虾,160,83,7.6,7.1,7.4
2679,南昌,火锅,食止冷锅串串香(酷加天虹店),262,48,7.8,8.3,8.4
2680,南昌,火锅,汉丽轩自助烤肉火锅,4514,42,7.6,7.4,7.5
2682,南昌,火锅,欢辣联盟串串料理,3,30,7.2,7.2,7
2684,南昌,火锅,好滋味生态旋转小火锅,2,18,7,7,7
2685,南昌,自助餐,牛太郎时尚自助烧烤,731,55,8,8.2,7.9
2686,南昌,西北菜,牧羊庄烤全羊,108,111,8.5,8.4,8.5
2689,南昌,小吃快餐,大娘水饺(万达广场)分店,297,27,6.7,6.8,6.3
2691,南昌,小吃快餐,拾光码头(原8号码头系马桩店)分店,28,14,7,6.9,6.9
2692,南昌,小吃快餐,绝味水煮,26,22,7.3,7.1,7.2
2695,南昌,西餐,欧兰朵无国界餐厅,336,60,7.4,8.3,8
2696,南昌,西餐,奥斯卡比萨(莲塘店),2,25,6.9,6.9,6.9
2700,南昌,面包甜点,喜茶,2,23,7.1,7.1,7.3
2701,南昌,面包甜点,雪贝尔(洪城店),52,22,7.7,7.8,7.8
2703,南昌,面包甜点,youyizi优伊滋(老蓝天店),129,17,7.4,7.4,7.4
2704,南昌,面包甜点,好利来,11,26,7.2,7.4,7.2
2705,南昌,面包甜点,马得利(阳明东路店),1,17,7.6,7.6,7.6
2706,南昌,韩国料理,奉贤家(奥体天虹店),38,27,7.2,7.6,7
2708,南昌,日本料理,味千拉面(京东大道店),5,39,7,7,7.1
2714,南昌,烧烤,鑫海盗船龙虾主题欢乐餐厅,1,30,7.1,7.1,7.1
2716,南昌,烧烤,昌昌烧烤(苏圃路店),23,34,7.1,7.1,7.1
2718,南昌,其他,聚福海鲜蒸锅(旗舰店),32,88,7.2,7.2,7.2
2719,南昌,其他,星巴克(恒茂梦时代广场店)分店,154,37,7.4,7.3,7.4
2722,南昌,其他,大胡子拿铁馆,11,30,7.4,7.3,7.4
2730,南京,南京/江浙菜,民国往事,1594,91,7.7,9,8
2731,南京,南京/江浙菜,顺乐土菜馆,594,57,9.1,8.3,9
2732,南京,南京/江浙菜,此食此客(二店),162,54,8.6,8.6,8.5
2733,南京,南京/江浙菜,漫生活ROMANTIC LIFE餐厅(上海路...,228,107,7.3,7.5,7.3
2734,南京,南京/江浙菜,御苑宾馆中餐厅,45,201,8.1,7.8,8
2735,南京,南京/江浙菜,八功德水,53,41,7.8,8.1,8.1
2736,南京,南京/江浙菜,锅堂里,479,53,7.7,8.7,8
2737,南京,粤菜,G.长颈鹿茶餐厅,342,67,7.2,7.9,7.5
2738,南京,粤菜,骐记香港茶餐厅(玉桥商业广场店)分店,1347,60,7.4,7.6,7.5
2741,南京,粤菜,CORNER转了个角粤港餐厅暂停营业,304,121,8,8.3,8.3
2744,南京,小龙虾,柚米餐厅&龙虾(马台街店),306,70,8.6,9.1,9
2745,南京,小龙虾,虾店,41,101,8.6,8.2,8.9
2746,南京,小龙虾,盱眙小号龙虾(云锦路店),34,76,6.9,7.1,6.8
2749,南京,西北菜,顶顶香(步青路),1,44,7,7,7
2751,南京,面馆,高岗里小马牛肉面,197,13,7.7,7.7,7.8
2752,南京,东北菜,老北京火锅城,14,60,7.1,7,7.1
2761,南京,新疆菜,三江源牛肉,19,12,7.1,7,7.1
2764,南京,烧烤,新石器烤肉(天印广场店)分店,2376,74,9.1,9,8.9
2766,南京,烧烤,北方娃烤羊肉,65,75,8.5,8.5,8.7
2767,南京,烧烤,明生烧烤,118,66,8.3,7.5,8
2768,南京,烧烤,小绵羊烧烤精酿吧,361,82,8.1,8.8,8.5
2769,南京,烧烤,Beyond烤吧(虎踞北路店),26,47,7.9,7.5,7.7
2771,南京,烧烤,二子烧烤,18,25,7.6,7,7.2
2773,南京,烧烤,新泰烧烤,20,50,7.5,7.3,7.6
2774,南京,烧烤,天天烧烤,9,36,7.2,7.1,7.2
2775,南京,川菜,旺鱼烤鱼餐厅(花园城购物中心店)分店,1175,74,8.1,8.2,8.2
2776,南京,川菜,一品麻辣香锅(金浦购物中心店),483,47,8.4,8.2,8.7
2777,南京,川菜,薛记酸菜鱼,2,15,6.9,6.9,6.9
2780,南京,日本料理,糊世刺身(文昌巷总店)分店,1000,95,9,8.2,8.8
2782,南京,日本料理,N多寿司(和燕路店),126,21,8.4,8.1,8
2783,南京,日本料理,虾摆烤鱼,12,50,7.7,7.5,7.5
2787,南京,东南亚菜,梵・泰兰泰国餐厅(奥体店),3657,133,8.2,9,8.7
2788,南京,烤鱼,靓蛙馆(瑞阳街店)分店,335,72,8.5,8.8,8.5
2789,南京,东南亚菜,柠檬鱼(白果路店)分店,284,52,7.8,7.9,7.9
2790,南京,东南亚菜,柠檬鱼(麒麟门店),122,58,7.4,7.3,7.4
2792,南京,烤鱼,蜀江烤鱼(建邺万达店)分店,1905,90,6.7,7.1,6.9
2794,南京,西餐,百特喜鹅肝比萨,340,86,8.6,9.2,9.1
2795,南京,西餐,BEER HERO,194,140,8.6,9,8.8
2796,南京,西餐,几分牛(茂业店)分店,1268,57,8.5,9,9
2797,南京,西餐,Mr&MrsLight轻食恋仁(南京金奥国...,368,52,9,9.1,9.1
2799,南京,西餐,必胜客(弘阳店)分店,516,70,7.7,8.1,7.6
2801,南京,西餐,萨莉亚意式餐厅(天悦城店),28,42,7.6,8.1,7.7
2802,南京,西餐,BESS 贝丝西餐厅,36,58,7.6,7.6,8
2803,南京,西餐,CERO赛洛餐吧,31,113,8.2,8.4,8.3
2804,南京,西餐,小萨披萨pizza(华新店),332,18,8.4,7.3,8.2
2805,南京,西餐,奶酪屋,61,22,7.3,7.1,7.4
2807,南京,西餐,奶酪时光(南师附中店),289,63,8.3,8.5,8.4
2808,南京,火锅,原塞赛汗塔拉涮羊肉(所街店),87,75,9.1,9,9.2
2809,南京,火锅,杨军老锅底(马台街店)分店,249,84,8.9,9.2,9.2
2810,南京,火锅,火旗门・老北京火锅,61,103,8.3,8.5,8.6
2811,南京,火锅,佰人王串串香火锅(淮海路店)分店,1600,67,8.7,8.3,8
2812,南京,火锅,豆捞坊(虹悦城店)分店,987,114,8.1,8.3,7.9
2813,南京,火锅,忆辣时光骨汤麻辣烫,27,15,8.2,8.2,7.9
2814,南京,火锅,漫花园重庆火锅・美蛙鱼头,108,90,7.2,7.7,7.4
2815,南京,小吃快餐,汉堡王(南京新一城店)分店,1152,35,8.5,8.7,8.4
2816,南京,小吃快餐,山之巅云南过桥米线,694,19,8.5,6.8,7.6
2818,南京,小吃快餐,东池便当(建宁路店),13,21,7.5,7.5,7.5
2819,南京,面包甜点,乌煎道黑龙茶分店,83,13,9,9,9.1
2820,南京,面包甜点,Mustache皇茶(总店)分店,274,17,8.2,8.6,8.6
2821,南京,面包甜点,猫山王榴莲甜品MusangKing(猫叔...分店,2033,32,8.9,8.9,8.8
2822,南京,面包甜点,泸溪河桃酥(福园街店),50,21,8.1,7.9,7.7
2823,南京,面包甜点,希望先生 Mr.Wish,48,26,8.9,8.9,8.8
2824,南京,面包甜点,厝内小眷村(缤润汇店),16,12,7.7,7.8,7.6
2825,南京,面包甜点,DQ(商厦店)分店,403,31,8.3,8.2,8.1
2826,南京,面包甜点,元祖食品(小卫街店)分店,95,185,7.8,8.1,7.7
2827,南京,面包甜点,悸动烧仙草(罗汉巷店),32,13,8,7.9,7.7
2828,南京,其他,江宁宴(新亭路店),185,72,8.9,9,8.9
2829,南京,其他,阿胜海鲜大酒楼,189,129,8,7.7,7.6
2830,南京,其他,香格里拉-好吧・帅锅,435,169,7.8,9.1,7.9
2831,南京,其他,桃李苑,109,187,8.4,8.1,7.6
2833,南京,其他,万氏小胖子功夫龙虾(殷巷店),113,126,7.4,7.7,7.5
2834,南京,其他,大叔龙虾馆,37,84,7.3,7.5,7.3
2837,南京,其他,金湖龙虾,5,40,7.1,7.1,7.1
2838,南京,其他,李氏龙虾(新民路店),15,60,7.3,7.3,7.3
2839,南京,咖啡厅,COFFEEMARKS咖啡马卡斯(夫子庙店...,74,36,7.9,8.4,8.3
2840,南京,咖啡厅,Saerdna coffee(珠江路店)分店,46,26,8.4,7.9,8.2
2841,南京,咖啡厅,蓝湾咖啡(东麒路店)分店,121,46,7,7.3,7.2
2844,南京,咖啡厅,锦城绿岛咖啡,29,61,7.2,7.2,7.1
2846,南京,韩国料理,小木屋米酒店(尧化门店),111,80,7.7,8.1,7.8
2847,南京,韩国料理,Aza Aza！芝心年糕料理(荔枝广场...分店,728,72,7.7,8.9,8.4
2848,南京,韩国料理,麻喜大(烧烤啤酒屋),501,58,8.9,8.8,8.8
2849,南京,韩国料理,石锅吧(三牌楼大街店),44,16,6.8,6.8,6.9
2850,南京,韩国料理,韩国料理味多来(学衡路店),281,50,8,7.8,7.7
2860,南宁,川菜,韶山冲湘菜馆(民主店),55,58,7,7,7
2861,南宁,川菜,重庆人家,4,45,7,7,7
2862,南宁,川菜,鱼影新概念酸菜鱼,4,60,7.6,7.6,7.5
2863,南宁,川菜,溪缘里,23,39,6.9,6.9,6.8
2871,南宁,江浙菜,年年不忘中餐厅(航洋国际广场店),99,45,7.8,8.6,8
2877,南宁,粤菜,来记名点(万象城店),15,24,7.3,7.4,7.3
2878,南宁,粤菜,南宁肥仔茶楼(大学路店)分店,16,52,6.9,7.1,6.6
2879,南宁,粤菜,维多利茶餐厅(望园店),51,23,7,7,6.9
2884,南宁,火锅,胖巴哥肉蟹煲餐厅(航洋国际广场...,153,70,7.1,7.6,7.6
2886,南宁,火锅,灌县老妈砂锅串串(云景店),8,62,7.7,7.4,7.5
2889,南宁,自助餐,山盛创作料理(航洋国际广场店),454,250,8.3,8.8,7.9
2891,南宁,小吃快餐,阿桶木(保利店),13,16,7.3,7.2,7.3
2892,南宁,小吃快餐,拾味记全州出榨红油米粉,9,10,7.4,7.5,7.5
2896,南宁,小吃快餐,正新鸡排(富德凤凰农贸市场店),5,19,7.5,7.5,7.5
2899,南宁,日本料理,苹果阳光寿司店,5,19,6.9,6.9,6.9
2902,南宁,日本料理,悦膳日本料理,154,76,7.7,8.1,8.2
2905,南宁,西餐,爱德华精品咖啡(青秀店),47,97,7.7,8.5,8
2907,南宁,西餐,Chanson香颂丨Cafe・Bar,10,83,7.1,7.1,7.1
2908,南宁,西餐,欧乐西点披萨,1,28,7.1,7.1,7.1
2916,南宁,面包甜点,水街九记伦教糕店(新印象美食城...,43,7,7.6,7.4,7.4
2917,南宁,面包甜点,范记饼屋(汇东郦城店)分店,5,10,7.6,7.6,7.6
2918,南宁,面包甜点,九度缘(祥宾路店)分店,26,13,7.3,7.2,7.2
2919,南宁,其他,乌玛(亭江店),273,79,7.8,9,8
2920,南宁,其他,宜家生活咖啡,11,30,7,7.2,7.2
2921,南宁,面包甜点,茶道夫(北湖店),3,10,7.3,7.3,7.3
2922,南宁,面包甜点,榴芒来了,2,15,6.9,7.1,6.8
2923,南宁,其他,天鹰蒸汽海鲜城(保利店),7,44,7.4,7.1,7.3
2924,南宁,其他,太平洋咖啡(万象城第一分店)分店,34,37,7.4,7.5,7.4
2925,南宁,其他,鲜蚝汇海鲜烧烤主题餐厅,9,55,7.1,7.1,6.9
2926,南宁,其他,太师烧鸭风味餐厅,17,17,7.2,6.8,7
2927,南宁,其他,土豪火锅铁锅门,10,51,7.8,7.6,7.8
2931,南宁,其他,高文达素食餐厅,4,13,7.3,7.4,7.4
2932,南宁,其他,好月缘海鲜鲍翅楼,14,115,7.2,7.2,7.2
2940,南宁,米粉/米线,三品王(友爱北店)分店,7,13,7.1,7.1,7.1
2942,南宁,米粉/米线,三品王(长岗店)分店,14,8,7.1,7,6.9
2946,南通,私房菜,九憬私房菜,1,25,6.9,6.9,6.9
2950,南通,川菜,烤鱼堂,3,42,6.9,6.9,6.9
2953,南通,川菜,醉爱酸菜鱼(一店),5,35,7,7,7
2954,南通,川菜,临家外卖酸菜鱼,8,25,7.2,7.2,7.2
2955,南通,川菜,辣道坊麻辣锅皇,1,30,6.6,7.1,7.1
2964,南通,海鲜,炜炜小厨(五一路店),95,106,8.4,8.1,8
2965,南通,海鲜,江鲜美食-狼山迎春饭店,42,86,7.6,7.4,7.4
2978,南通,咖啡厅,偶像咖啡(idol coffee),4,36,6.9,7.3,7.3
2986,南通,江浙菜,江南厨房(星湖店),87,56,7.5,7.3,7.4
2988,南通,江浙菜,沈府酒楼,2,30,7.2,7.2,7.2
2990,南通,江浙菜,吕老二酒店,13,75,7.3,7.2,7
2991,南通,火锅,重庆德庄火锅,34,79,8.1,8.1,8.3
2993,南通,火锅,一品皇记煌三汁焖锅,25,65,7.2,7.2,7.2
2994,南通,火锅,川金楼精致干锅火锅万州烤鱼,5,58,7.2,7.2,7.2
2996,南通,小吃面食,友达面馆,13,24,7.3,7.3,7.3
2997,南通,小吃面食,韩国爱_炸鸡,15,25,7.5,7.4,7.5
3000,南通,小吃面食,遵义羊肉粉,7,19,7.1,7.1,7.1
3001,南通,小吃面食,包福记牛肉面馆(轻纺城店)分店,110,16,7.2,7.3,7.3
3003,南通,烧烤,东北烧烤王(川味干锅),24,49,7.1,6.6,6.8
3010,南通,韩国料理,全州拌饭,14,19,7.3,7.3,7.5
3012,南通,日本料理,福泽屋分店,80,121,7.4,7.4,7.4
3013,南通,西餐,暖舍西餐厅,59,194,7.4,7.8,7.5
3014,南通,韩国料理,金家烤肉,33,66,8.7,8.8,8.8
3019,南通,自助餐,小帅锅回转时尚自助火锅,10,37,7.2,7.3,7.6
3020,南通,面包甜点,猫山王榴莲蛋糕甜品(圆融店),232,36,7.6,7.6,7.8
3023,南通,面包甜点,老伴豆花,71,17,8,8.1,8.1
3024,南通,面包甜点,麦香人家(步行街店)分店,131,24,7.4,7.4,7.4
3025,南通,面包甜点,面包巴士,34,30,7.2,7.6,7.6
3026,南通,面包甜点,爱米小屋(锦绣路店)分店,104,21,7.5,7.5,7.5
3027,南通,面包甜点,甘茶度奶茶,12,21,7.3,7.5,7.5
3028,南通,面包甜点,甘茶度(五一路公交停车场店),13,10,7.5,7.5,7.5
3029,南通,其他,江南春晓融合创意精品餐厅,19,50,7.2,7.3,7.2
3030,南通,其他,兰庭茶叙(体育公园店),80,68,8,8.2,7.9
3032,南通,其他,团小咖台湾饭团(城山路店),7,13,7.5,7.5,7.5
3039,南通,快餐简餐,路人某(京扬数码广场店),5,10,7.6,7.6,7.6
3040,南通,快餐简餐,苏州同得_精品面馆,44,54,7.2,7.2,7.1
3042,南通,快餐简餐,齐品达,1,20,7,7.1,7.1
3043,南通,快餐简餐,松露面馆,9,34,7,7.3,7.1
3044,南通,快餐简餐,饺翻天,58,20,7.4,7.6,7.4
3046,南通,快餐简餐,猪脑哥(学田店),5,20,7.4,7.1,7.5
3047,南通,快餐简餐,竹之语简餐,2,25,7.6,7.6,7.6
3048,南通,快餐简餐,咔趣热狗,10,15,7.3,7.4,7.4
3050,宁波,日本料理,鱼旨寿司(环球银泰城店),628,71,8.1,8.2,8.2
3052,宁波,日本料理,掌柜家的猫,52,65,7.8,7.9,7.8
3053,宁波,日本料理,秋田家(箕漕街店)分店,48,297,7.4,7.5,7.5
3056,宁波,粤菜,南苑环球酒店云庭下午茶餐厅,155,146,7.2,7.6,7.5
3057,宁波,海鲜,寻味鲜_海鲜,48,36,7.8,7.5,8
3059,宁波,海鲜,福润德海鲜大排档,11,35,6.8,6.7,6.8
3060,宁波,海鲜,舟山海鲜铺,1,25,6.9,6.9,6.9
3061,宁波,海鲜,一尾寻仙,1,134,7,7,7
3064,宁波,韩国料理,虾蜡年糕,1,30,7.1,6.8,6.8
3065,宁波,韩国料理,阿妈妮韩式料理,13,30,7.5,7.2,7.4
3067,宁波,韩国料理,韩想来,187,35,7.5,7.6,7.6
3068,宁波,韩国料理,阿妈尼韩国料理,13,30,7.3,7.3,7.3
3069,宁波,川菜,川味人家(鄞州店)分店,1505,57,8.6,8.1,8
3070,宁波,韩国料理,金草帽(高凤路店)暂停营业,96,70,7,7.2,7.1
3071,宁波,川菜,老川味,6,38,6.9,7.1,7.3
3072,宁波,川菜,真滋味(小港街道店),16,39,7.5,7.5,7.5
3073,宁波,川菜,辣有道,1,27,6.9,6.9,6.9
3075,宁波,川菜,福乐家排挡,3,31,7.1,7.1,7.1
3077,宁波,川菜,江上飞烤鱼,3,37,7,7,7
3078,宁波,烧烤,168烧烤(庄市店)分店,129,59,7.8,8,7.8
3079,宁波,烧烤,羊入虎口碳烤羊腿(江东店),355,112,8,7.7,8.2
3081,宁波,烧烤,牛魔王原创铁板美食,1,30,7,7,6.7
3085,宁波,小龙虾,老鄞江桥头龙虾馆,14,57,7.4,7.5,7.2
3091,宁波,湘菜,湘谣(百丈东路店)分店,323,79,8.2,8.3,8.3
3092,宁波,湘菜,辣得叫(甬港南路店)分店,229,65,8,8,8.1
3093,宁波,火锅,一锅两头牛牛肉火锅(环球银泰城...,186,82,7.9,8.1,8.3
3094,宁波,火锅,川行记老灶串串特色火锅(天伦店),27,75,8,7.9,7.9
3095,宁波,火锅,鱼品记蒸汽石锅鱼,49,58,8.3,8.6,8.7
3096,宁波,火锅,渝味晓宇火锅,17,121,7,7,7
3097,宁波,火锅,汤岛涮(西子国际店),29,48,7.3,7.2,6.8
3098,宁波,火锅,记忆重庆火锅,5,53,7.7,7.7,7.7
3099,宁波,火锅,重庆金秋老火锅(高凤路店),110,85,8,8,7.9
3100,宁波,火锅,幺妹时尚自助火锅,1,50,6.9,6.9,6.9
3111,宁波,酒吧,Lucky Leaf酒吧,15,50,,,
3114,宁波,西餐,Vivapolo(来福士广场店)分店广告,451,82,8.7,9.1,8.9
3115,宁波,西餐,米有沙拉(镇海新城店),14,20,7.4,7.4,7.3
3116,宁波,西餐,必胜客(城隍庙店)分店,90,62,6.8,6.8,6.8
3117,宁波,西餐,澳洲肉派,39,45,7.9,8.1,8.3
3118,宁波,西餐,意_意大利风情休闲餐吧(黄金海...分店,21,39,7.2,7.3,7.2
3119,宁波,西餐,汉堡王子(宝善店),11,16,7.1,7,7.1
3120,宁波,西餐,阿兰碧卡,75,38,7.5,7.6,7.6
3121,宁波,自助餐,宁波柏悦酒店-悦轩餐厅,643,289,8.5,9.3,9.1
3122,宁波,自助餐,达蓬山大酒店中餐厅,140,181,6.8,7.1,6.9
3123,宁波,自助餐,鄞州天港禧悦酒店浩全日餐厅,631,196,8.3,8.5,8.5
3124,宁波,自助餐,华侨豪生西餐厅,1142,240,8.2,8.9,8.7
3125,宁波,自助餐,重庆818自助火锅(徐家漕店)分店,55,45,7.3,7.3,7.4
3127,宁波,面包甜点,觅物甜品哲学(港隆广场店),98,28,7.8,8.1,7.9
3128,宁波,面包甜点,糖纸甜品(银泰城店)分店,62,33,7.5,7.8,7.9
3129,宁波,面包甜点,可莎蜜_(万科广场店),47,33,8.2,8.4,8.2
3130,宁波,面包甜点,四云奶盖贡茶(世纪东方广场店)分店,861,19,8.3,8.4,8.3
3133,宁波,面包甜点,大通冰室(轻纺城洛兹店),47,14,8.1,8,7.9
3135,宁波,面包甜点,麦棵丰老香港手工蛋糕(鼓楼二店),61,10,7.3,7.2,7.2
3136,宁波,咖啡厅,Kuma island,54,35,7.2,7.4,7.3
3143,宁波,咖啡厅,午后阳光咖啡酒吧(外滩大厦店),10,49,7.4,7.4,7.4
3144,宁波,其他,禾丰记养生粥店(宏泰广场店)分店,30,58,7.9,7.9,8.1
3145,宁波,其他,朋友圈概念餐厅,512,58,8.6,8.6,8.8
3148,宁波,宁波江浙,宁波春晓世茂希尔顿逸林酒店大海...,25,72,7.7,7.6,7.2
3149,宁波,宁波江浙,小山村饭庄(惊驾路店),60,76,7.2,6.9,7
3150,宁波,宁波江浙,后花园私家餐厅,26,64,7,7.1,7
3152,宁波,宁波江浙,吴记菜香楼,19,39,7.3,7.1,6.9
3155,宁波,面馆,兰溪手擀面,16,12,7.6,7.5,7.5
3156,宁波,面馆,老周面馆,15,11,7.6,7.4,7.5
3158,宁波,面馆,重庆小面・梦小面(慈溪1店),18,19,7.5,7.3,7.4
3160,宁波,面馆,重庆小面面馆(文山路二店),7,15,7.2,7.3,7.1
3161,宁波,面馆,第一碗面馆(爵溪),17,13,7.2,7.2,7.3
3163,宁波,面馆,重庆小面・梦小面(观城店),3,15,7.1,7,7.1
3164,宁波,小吃快餐,宽窄巷天府名小吃(宏泰店),200,39,7.4,7.9,7.2
3165,宁波,小吃快餐,金陵蟹黄汤包店,83,23,7.8,7.5,7.8
3166,宁波,小吃快餐,味一早餐(民安路店)分店,92,11,7.4,7.1,7
3167,宁波,小吃快餐,肯德基(宁波联盛店)分店,41,27,7.2,7.3,7
3168,宁波,小吃快餐,道地(联盛广场店),152,32,7.5,7.5,7.5
3169,宁波,小吃快餐,大娘水饺(桑田路店)分店,264,20,7.7,7.9,7.6
3174,青岛,家常菜,恒超家常菜,1,25,6.9,6.9,6.9
3184,青岛,私房菜,振兴楼私房菜,9,48,7,6.9,7
3188,青岛,川菜,麻辣柒货广告,91,129,8.1,7.5,7.6
3189,青岛,川菜,川香麻辣香锅,750,42,8.6,8.3,8.2
3190,青岛,川菜,宽窄巷(李沧万达店)分店,40,53,7.8,8.2,7.3
3191,青岛,川菜,独一味烤鱼,2,30,7.3,7.3,7.3
3192,青岛,川菜,渝板凳重庆小面(农业大学店),8,10,7.1,7.3,7.3
3193,青岛,川菜,重庆鸡公煲,5,15,7,7,6.9
3194,青岛,粤菜,海景花园大酒店(早茶厅),39,89,7.5,7.8,7.7
3197,青岛,鲁菜,万达艾美酒店乐美中餐厅,316,200,8.4,9,8.9
3198,青岛,鲁菜,青岛蓝海大饭店・零点厅(崂山店),11,80,7.4,7.3,7.4
3200,青岛,鲁菜,浩家苑菜馆,55,48,7.8,7.4,7.5
3201,青岛,川菜,蜀香百味麻辣香锅,10,37,7.1,7.2,7.2
3202,青岛,鲁菜,欢聚一家人农家宴,16,150,7.4,7.7,7.4
3203,青岛,鲁菜,于家老糁,2,10,7.3,7.3,7.3
3204,青岛,海鲜,振宇啤酒屋(海鲜加工一店),675,98,9.1,8,8.8
3205,青岛,海鲜,三宝粥店(利客来店),342,56,8.4,8.5,8.4
3206,青岛,海鲜,聚福鑫苑海鲜自助,94,61,7.8,8.1,8.3
3207,青岛,海鲜,蟹三胖香辣蟹,15,60,8,8.1,8.1
3208,青岛,海鲜,花园大酒店贵宾楼,160,137,7.7,8,7.7
3209,青岛,海鲜,乔氏仰口海鲜(李村店)分店,74,120,7.1,7.1,7.1
3214,青岛,咖啡厅,Sweet sea甜蜜海洋意法餐厅,594,199,8.7,9.1,8.9
3215,青岛,咖啡厅,星巴克(丽达广场店)分店,115,39,7.4,7.4,7.4
3216,青岛,咖啡厅,雪菊咖啡(黄岛3号店),21,28,7.4,7.3,7.5
3217,青岛,咖啡厅,Binggo Cafe并购咖啡,24,22,7.9,7.9,7.9
3218,青岛,咖啡厅,二十九街咖啡,3,25,7.1,7.1,7.3
3220,青岛,咖啡厅,劳斯特咖啡,82,33,7.5,7.5,7.5
3223,青岛,咖啡厅,利乐汇咖啡酒吧,1,15,6.9,6.9,6.9
3228,青岛,面馆,正轩阁爱上面连锁店,36,13,7.4,7.4,7.4
3229,青岛,面馆,天天见_(山西面馆书院路店),208,16,7.4,7.6,7.6
3234,青岛,面馆,牛少爷,2,10,7,7,7
3236,青岛,面馆,新陕秦特色面馆,14,18,7.1,6.7,7.1
3238,青岛,小吃快餐,小溪荷月私家牛肉馆,86,37,8.7,8.7,8.8
3239,青岛,小吃快餐,小草屋涮毛肚,154,40,8.8,8.5,8.4
3240,青岛,小吃快餐,肯德基(香港中路店),108,31,7.4,7.5,7.3
3241,青岛,小吃快餐,一捞鲜海鲜面(香港中路店)分店,49,53,8.5,8.3,8.4
3242,青岛,小吃快餐,幸世猪排(凯德店),240,24,7.1,7.5,7.6
3244,青岛,小吃快餐,必胜客宅急送(世纪店),21,58,7.2,7.1,7.2
3245,青岛,小吃快餐,阿香米线(金狮店),70,37,6.8,7,6.8
3249,青岛,日本料理,海岸家寿司,13,30,7.3,7.4,7.4
3250,青岛,日本料理,板前寿司(振华路店)分店,276,40,7.9,7.4,7.8
3251,青岛,日本料理,N多寿司(胶南店),9,15,7.7,7.7,7.7
3253,青岛,西餐,红咖比萨,112,56,8.2,8.1,8.3
3254,青岛,西餐,巴莫斯比萨(金沙滩店),35,46,7.4,7.4,7.4
3255,青岛,西餐,汉堡王(青岛胶州宝龙广场店)分店,50,38,7.2,7.3,7.2
3256,青岛,西餐,米索亚Misoya披萨(城阳时代中心...,27,22,7.5,7.5,7.5
3258,青岛,西餐,cafe lula,33,37,7.3,7.6,7.6
3259,青岛,西餐,best1998时尚音乐餐厅(金狮店),336,116,8.6,9.1,9
3260,青岛,西餐,巴贝拉意式休闲餐厅(宝龙广场店)分店,430,72,7.6,7.9,7.8
3261,青岛,西餐,乐可可炸鸡汉堡(山里小区店),1,20,7.1,7.1,7.1
3262,青岛,西餐,欧派斯汉堡,8,15,7.1,7.1,7.1
3265,青岛,韩国料理,已爱尚韩式炸鸡啤酒屋,8,15,7.5,7.5,7.8
3268,青岛,韩国料理,很上火韩国料理烤猪排店,993,68,9.2,8.8,9
3271,青岛,面包甜点,85度C(辽宁路店)分店,392,21,8.4,8.2,8
3272,青岛,韩国料理,大长今中韩料理,32,46,6.7,6.9,7
3275,青岛,面包甜点,松枝记(李村步行街店),58,14,8.2,8.1,8.2
3276,青岛,面包甜点,元祖食品(辽宁路店)分店,55,37,7.6,7.7,7.6
3277,青岛,面包甜点,仙芋世家(丽达店)分店,196,19,7.5,7.5,7.6
3279,青岛,面包甜点,松枝记(李村小吃街总店),46,12,7.8,7.5,7.8
3280,青岛,面包甜点,苏记炒酸奶,138,12,8.4,8,8.1
3281,青岛,面包甜点,coco都可茶饮(长江利群店),5,10,7.2,7.3,7.3
3283,青岛,其他,鸭仙芝烤鸭,22,50,7.5,7.3,7.7
3284,青岛,其他,清真海鲜菜馆,7,30,7.2,7,7.2
3287,青岛,其他,福榕菜馆,26,25,7.2,7,7.1
3290,青岛,其他,大潘石榴汁,8,20,7.3,7.2,7.2
3292,青岛,东北菜,竹香园铁锅炖,5,31,7.1,7.1,7.1
3295,青岛,东北菜,燕凤楼,2,47,7,7.2,7.2
3296,青岛,东北菜,睿佰味肘子砂锅,6,39,6.9,6.9,6.9
3298,青岛,自助餐,海祺商务酒店田园餐厅,26,49,7.4,7.4,7.4
3299,青岛,东北菜,悦顺菜馆,1,30,6.9,6.9,6.9
3301,青岛,火锅,尚品小土屋涮毛肚(东方城店),557,59,9.2,9,8.8
3302,青岛,火锅,渔_传奇云南原生态石锅鱼,202,76,8.7,8.2,8.2
3304,青岛,火锅,彤德莱火锅(胶南人民路店)分店,104,58,7.6,7.7,7.6
3305,青岛,烧烤,钱钱家原桥底烧烤馄饨,38,57,7.6,7.5,7.5
3306,青岛,烧烤,野百合蒙古烤羊腿,127,63,7.4,7.2,7.2
3307,青岛,烧烤,东北串王(黄浦江路分店)分店,36,49,7,7,7
3309,青岛,烧烤,海之家特色饭店,3,40,7.2,7.5,7.5
3311,青岛,烧烤,金氏石板烤肉(澳门路店),2,40,7.2,7.2,7.2
3312,泉州,川菜,酷猫烤鱼(东海店),119,54,7.1,7.2,7
3314,泉州,川菜,罗记烤全鱼,5,22,7.2,7.2,7.2
3315,泉州,川菜,仁风・烤鱼烤海鲜(温陵北路店),242,47,7.8,7.5,7.7
3316,泉州,川菜,老四川石锅鱼(泉港山腰店),7,30,7.5,7.5,7.5
3317,泉州,川菜,麻辣鲜捞,1,15,6.9,6.9,6.9
3323,泉州,闽菜,金芳阁美食馆,5,34,7.1,7,7
3328,泉州,海鲜,泉商希尔顿酒店,70,357,6.5,8.2,7.4
3329,泉州,海鲜,宝石湾海鲜馆,2,30,7,7,6.9
3337,泉州,粤菜,富临茶餐厅,12,41,7.1,7,7
3343,泉州,江浙菜,胖哥俩肉蟹煲(泉州浦西万达店),4,72,6.9,7.3,7.3
3349,泉州,小吃面食,正宗台湾盐酥鸡专卖店(大润发店),22,13,7.3,7.2,7.4
3350,泉州,小吃面食,比哥鸡排,3,16,7.2,7.2,7.2
3351,泉州,小吃面食,一休站美食店(大润发店),5,10,7.1,7,7.1
3354,泉州,烧烤,新义隆烤肉王(水头总店),15,69,7.2,7.1,7.4
3356,泉州,烧烤,湖心街夜市烧烤,4,35,7.4,7.4,7.4
3366,泉州,日本料理,酒乐日本料理(南俊店)分店,57,255,8,7.4,7.7
3372,泉州,西餐,必胜客(天山店),38,61,7.2,7.1,7
3373,泉州,西餐,icome手握披萨,8,26,7.1,7.1,7.1
3380,泉州,面包甜点,潘达芝士挞(万达店),33,17,7.5,7.6,7.7
3381,泉州,面包甜点,放牛斑(江声店)分店,354,15,8,8.2,8.1
3382,泉州,面包甜点,爷茶,73,14,7.3,7.8,7.7
3383,泉州,面包甜点,张姐烤肉拌饭脆皮鸡饭(泉州总店),26,19,7.5,7.5,7.5
3391,泉州,咖啡厅,随适咖啡(西湖店),2,25,7.3,7.3,7.3
3392,泉州,咖啡厅,每天咖啡,1,18,7,7,7
3399,泉州,其他,0595香辣虾,5,45,6.9,7,7
3402,泉州,火锅,转转乐涮涮锅(中闽新华店),483,35,7.8,8,8
3403,泉州,火锅,大宅门老北京铜锅涮肉,12,105,7.3,7.3,7.2
3404,泉州,火锅,山里人家,2,23,6.9,6.9,6.9
3406,泉州,火锅,九鼎煌鲜牛肉火锅城(安溪店),1,42,7.7,7.7,7.7
3412,泉州,快餐简餐,康庄满煎糕店,24,7,7.9,7.3,7.6
3415,泉州,快餐简餐,来二两重庆小面,1,14,7.3,7.3,7.3
3416,泉州,湘菜,桥亭活鱼小镇(东海店),66,55,7.4,7.3,7.3
3420,泉州,湘菜,湘赢映湘红,5,25,7,7,7
3423,泉州,湘菜,椿福川湘楼,2,29,7.2,7.2,7.2
3431,上海,家常菜,阿琴家常菜,16,52,7.4,7.2,7.3
3432,上海,家常菜,同乐家常菜(白玉路店),42,24,6.7,6.4,6.6
3433,上海,家常菜,宏泰祥生煎馆(梅川店),84,16,6.9,7.2,7.1
3443,上海,海鲜,宝燕海货工场三店蒸汽海鲜(大宁...分店,531,256,8.8,8.5,8.4
3444,上海,海鲜,宝燕壹号海鲜餐厅(民生路店)分店,119,218,8.3,8.2,8.3
3445,上海,海鲜,海尚蒸(富荟广场店),272,140,8.1,7.9,7.9
3446,上海,海鲜,随缘蒸汽海鲜坊,682,128,8.2,8.3,8.7
3448,上海,海鲜,尚滋味我家酸菜鱼(月浦店),71,82,6.7,6.8,6.7
3450,上海,海鲜,八面玲珑龙虾坊(仓场路店)分店,165,173,7.5,7.1,7
3451,上海,东北菜,老于家东北人家(徐家汇店)分店,2463,60,8.4,8.1,8.3
3452,上海,东北菜,翠花老菜饺子馆(七宝店)分店,273,57,7.7,7.5,7.2
3453,上海,东北菜,东北筋饼骨头王(科苑路店),17,68,7.7,7.5,7.4
3454,上海,东北菜,哈尔滨风味饺子馆,17,32,7.1,7,7
3457,上海,东北菜,黄焖鸡米饭(秋竹路店),6,20,6.9,6.9,7.1
3458,上海,东北菜,重庆鸡公煲,7,30,6.9,6.8,6.8
3460,上海,川菜,宋记香辣蟹(七宝万科广场店)分店,2970,116,8.4,8.9,8.9
3461,上海,川菜,归蜀第成都串串料理(万科海上传...分店,167,75,8.6,8.8,8.3
3462,上海,川菜,青花椒砂锅鱼(开元地中海店)分店,79,81,8.1,8,8.4
3463,上海,川菜,鱼蛙岛淘虾,207,83,8.4,8.2,8.4
3464,上海,川菜,味道江湖(泗泾店),254,51,7.7,7.6,7.7
3465,上海,川菜,本清素我家酸菜鱼(顾村店)分店,283,78,7.8,7.8,7.3
3466,上海,湘菜,许爷剁椒鱼头(宛平南路店)分店,617,122,8.6,8.4,8.2
3467,上海,湘菜,新湘记,68,57,7.7,7.7,7.4
3469,上海,湘菜,湘里人家,195,71,6.9,7.1,7
3470,上海,湘菜,妈味蒸湘,12,49,7.7,7.7,7.7
3471,上海,湘菜,毛家湘菜(辣旺潮汕砂煲粥)分店,233,95,6.8,6.8,6.7
3472,上海,湘菜,游子川湘菜,8,30,7,6.9,6.9
3473,上海,粤菜,富临轩(梅龙镇广场店)分店,1345,189,9,8.9,8.9
3475,上海,粤菜,御宝至尊烤鸭店(虹桥天地店),786,368,8.8,9.1,9.1
3476,上海,粤菜,王廷饭店,584,222,8.3,8.7,8.4
3477,上海,粤菜,潮州府砂锅粥(金虹桥广场店)分店,1342,125,8.2,8.1,7.9
3478,上海,粤菜,太兴餐厅(上海来福士广场店)分店,7001,97,7.2,7.4,7
3479,上海,粤菜,澳门陈光记烧味饭店,172,58,7.6,7.6,7.2
3480,上海,粤菜,龙记香港茶餐厅(久光百货店)分店,8837,74,7.3,6.5,6.4
3481,上海,粤菜,甜蜜蜜港式茶餐厅(七宝巴春店)分店,1448,52,7.5,7.3,7.5
3482,上海,粤菜,福荣祥烧腊(吴中路店),33,25,7.4,7.3,7.5
3483,上海,本帮江浙菜,爱玲EILEEN(环球金融中心店),342,321,8.8,9,8.9
3484,上海,本帮江浙菜,玫瑰厅(来福士广场长宁店),66,152,9.1,9.2,9.1
3485,上海,本帮江浙菜,聚荟摩登江浙沪(96广场店)分店,1278,144,8.4,8.4,8.1
3486,上海,本帮江浙菜,皇轶庭,421,110,8.3,8.2,8.2
3487,上海,本帮江浙菜,长泰公馆・中餐厅,288,269,8.9,9.3,8.7
3488,上海,本帮江浙菜,漫湘时尚餐厅(台北风情街店),87,67,7.9,9,8.7
3489,上海,本帮江浙菜,农家乐,665,80,7.9,7.6,7.5
3490,上海,本帮江浙菜,阅香美地-悦食阅香,383,170,7.5,8.6,8
3491,上海,西北菜,西安美食,8,15,7,7,7
3492,上海,西北菜,西安印象,11,17,6.7,7,6.8
3494,上海,西北菜,陕风秦味,17,19,6.9,6.8,6.9
3495,上海,台湾菜,市长快炒100,659,79,9,8.2,8.7
3497,上海,台湾菜,千秋膳房(日月光店)分店,6475,58,7.7,7.2,7.4
3498,上海,台湾菜,一茶一坐台湾特色茶餐厅(紫荆广...,2521,77,7.8,8.3,7.7
3499,上海,台湾菜,屏东万峦猪脚(紫藤路店),585,43,8.2,7.4,8.1
3500,上海,台湾菜,太麻里台湾私房牛肉面馆(嘉实广...,38,19,7,7.2,7.1
3502,上海,新疆菜,新疆火焰山餐厅,295,80,8.7,8,8.6
3503,上海,新疆菜,艾提巴扎新疆餐厅,317,60,7.8,7.8,8.1
3504,上海,新疆菜,域香一品,127,73,7.1,7.7,7
3505,上海,新疆菜,乐乐新疆风味餐厅,150,35,7.3,6.7,7
3506,上海,烧烤,老炉家木炭烤肉(第六区折扣店),164,76,9,9,9.2
3507,上海,烧烤,Bigger80's瓜哥海鲜烤吧(亲水花...,1492,117,8.7,9,8.6
3508,上海,烧烤,友谊家旋转烧烤,382,86,9,9,8.9
3509,上海,烧烤,白帽子八村烧烤海鲜(真元阁店),79,50,8.3,7.1,7.9
3510,上海,烧烤,澜海音乐烧烤餐厅(浦三路店)分店,1273,97,7.7,8.7,8.1
3511,上海,火锅,左庭右院鲜牛肉火锅(特力时尚汇...分店,4837,127,9.1,9,9
3512,上海,烧烤,鲔吞日本料理(曹路宝龙广场店),93,147,7.2,7.8,7.6
3513,上海,火锅,周渝食惦酸菜鱼(松江新城店)分店,1575,82,9.1,9,8.8
3514,上海,火锅,鼎尊锅物料理分店,1224,105,9.1,8.9,9.1
3516,上海,小龙虾,阿虎龙虾(南码头店),726,175,8.5,7.4,7.7
3517,上海,小龙虾,红盔甲(胶州路店)分店,6151,188,8.5,8.3,8.5
3518,上海,小龙虾,杠开辣子秘制龙虾,149,107,9.1,8.6,8.8
3519,上海,小龙虾,龙虾范儿,104,35,8.4,8.1,8.3
3520,上海,小龙虾,蒋氏龙虾(原蜀歌串舞串串香),386,102,7.9,7.6,7.9
3521,上海,小龙虾,倪氏龙虾,24,108,7.6,7.6,7.6
3522,上海,咖啡厅,edm cafe分店,78,42,8.4,8.5,8.9
3523,上海,咖啡厅,falan家居咖啡馆,207,52,8.5,9.2,9
3524,上海,咖啡厅,NAPOLEON CAFE 拿破仑(正大广场...,139,29,8.6,8.5,9
3525,上海,咖啡厅,小小花园,6959,96,7.2,8.1,7.7
3526,上海,咖啡厅,_赫咖啡(唐镇店)分店,511,83,8.5,9,8.5
3527,上海,咖啡厅,CuiquCoffee奎克咖啡(189弄购物...,259,47,8,8.6,8.5
3528,上海,咖啡厅,麦隆咖啡MellowerCoffee(弘基时...分店,298,57,8.3,8.9,8.6
3529,上海,咖啡厅,Maancoffee漫咖啡(证大喜玛拉雅...,967,51,7.8,8.4,7.7
3530,上海,日本菜,日葵 大阪烧(仙霞路店)分店,1416,106,8.8,8.3,8.1
3531,上海,日本菜,大馥 ・ 炭火烧肉屋(梅川路店)分店,1429,150,8.9,8.5,8.7
3532,上海,日本菜,一竹烧肉酒场,263,211,8.9,8.7,9.1
3533,上海,日本菜,牛吞炭火烧肉,168,137,8.8,8.8,9
3534,上海,日本菜,池户寿司,574,61,8.6,8.4,8.5
3535,上海,日本菜,柒味怀石料理,108,478,8.8,7.9,8.8
3536,上海,自助餐,金狮蓝蒂海鲜自助餐厅,1533,104,7.7,8.1,7.6
3537,上海,自助餐,平佑自助火锅,167,42,7,6.7,7
3538,上海,小吃快餐,卤人甲,135,24,8.2,7.8,8.3
3539,上海,小吃快餐,三宝粥铺(南京东路店)分店,21180,45,7.8,7.2,7.4
3540,上海,小吃快餐,心___分店,1163,49,7.8,7.8,7.4
3541,上海,小吃快餐,我是主饺(威宁路店)分店,341,32,7.9,8,7.8
3542,上海,小吃快餐,小杨生煎(上海火车站北广场)分店,827,23,8,7.8,7.9
3543,上海,小吃快餐,天天见面,23,20,8.3,8.2,8.4
3544,上海,小吃快餐,舅家崇明原生态食府(七宝店)分店,134,116,7.9,7.9,7.8
3545,上海,小吃快餐,小杨生煎(虹口月亮湾店),47,24,7.6,7.9,7.8
3546,上海,小吃快餐,小杨生煎(七宝万科),143,22,7.9,8.1,7.9
3547,上海,云南菜,南蛮子(进贤路店),335,116,7.1,6.6,7
3549,上海,云南菜,_南・云彩泥-勐巴拉娜西(百联世...分店,1611,99,8.2,8.2,8.2
3550,上海,小吃快餐,上海富春小笼(上海来福士广场店)分店,239,32,7.4,7.1,7
3551,上海,面包甜点,凡町个性化蛋糕&甜品桌定制分店,293,1324,9,9,9.1
3552,上海,面包甜点,卯时法式甜品Cinq Heure Du Mati...,157,68,9,8.9,9.1
3553,上海,面包甜点,Regiustea天御皇茶(怡丰城店)分店,341,18,8.3,8.4,8.6
3554,上海,面包甜点,LONG鲜烤吐司分店,425,43,8.5,8.3,8.4
3555,上海,面包甜点,团圆小点,73,40,9,9.1,9
3556,上海,面包甜点,Godiva(新天地)分店,1453,75,8.4,8.4,7.9
3557,上海,面包甜点,50岚(百脑汇店)分店,1231,13,8.2,8.2,8.5
3558,上海,面包甜点,ANTOINE BAKERY分店,471,43,7.5,8,7.6
3559,上海,面包甜点,多乐之日(汇阳广场店)分店,1038,42,8.7,8.8,8.3
3560,上海,面包甜点,红宝石(长海路店)分店,1034,31,8.5,8.2,7.9
3561,上海,面包甜点,1点点(中原店)分店,231,15,7.9,7.6,7.7
3562,上海,面包甜点,珍得巧克力剧院,602,155,8.3,8.6,8.3
3563,上海,西餐,VANILLA(洛克外滩源店),320,280,8.5,9.2,8.9
3564,上海,西餐,Charles Kitchen分店,1417,257,8.8,8.8,9.1
3565,上海,西餐,阿根廷庄园OBELISCO,973,258,8.4,9.1,8.8
3566,上海,西餐,馆子House198,2811,113,8.3,8.9,8.6
3567,上海,西餐,PizzaMarzano玛尚诺(上海商城店)分店,2878,132,8.5,8.6,8.4
3568,上海,西餐,TRUCKSTOPGRILL公路餐厅(瑞虹天...,377,125,8,9,8.4
3569,上海,西餐,Bistro Burger,1461,101,8.3,8.2,7.9
3570,上海,西餐,皇廷花园酒店咖啡厅,228,167,8.1,9.2,9
3571,上海,西餐,SILEX,119,355,8.3,9.2,9
3572,上海,其他,耶里夏丽(百联真光路店)分店,8113,88,9,9,9
3573,上海,其他,Ellen’s西餐酒吧(怒江路店)分店,409,67,8.3,8.4,8.2
3574,上海,其他,SaladMando沙拉满都(飞马旅店),521,43,8.7,8.9,8.9
3575,上海,其他,MANGOSIX(自贸区-加枫路店)分店,140,56,8.1,8.5,8.3
3576,上海,其他,鼓浪屿的风Amoy Restaurant,1298,29,7.6,7.3,7.7
3577,上海,其他,上海为民商行清真饭店,135,20,8.5,6.7,7
3578,上海,面馆,王嫂面馆,273,29,7.4,7.5,7.3
3579,上海,面馆,一觉博多豚骨拉面(PLUS乐坊店),157,48,7.6,7.7,7.9
3580,上海,面馆,天池拉面,161,18,7.4,6.3,6.9
3581,上海,面馆,蔡师傅面馆,66,12,7.3,6.6,6.8
3582,上海,韩国料理,喜来稀肉(百联徐汇商业广场店)分店,697,100,8.7,8.4,8.4
3583,上海,韩国料理,古宫炭(大华第一坊店)分店,2000,108,8.7,8.6,8.7
3584,上海,韩国料理,统营阿姨(古北店)分店,91,103,8.3,8.1,8.3
3585,上海,韩国料理,鱼星,123,206,7.8,8.1,7.9
3586,上海,韩国料理,乐伯部队锅&火炉猪蹄(七宝万科广...,301,70,6.8,7,6.9
3587,上海,韩国料理,福豚家韩国料理(九亭店),65,77,8.2,8.3,8.3
3588,上海,韩国料理,长腿叔叔韩国年糕专门店,2732,50,8.5,8.2,8.3
3589,上海,东南亚菜,泰小伙曼谷夜市火锅(金桥国际广...,2170,126,8.9,8.8,9
3590,上海,东南亚菜,Andaman安达曼(虹桥天地店)分店,1457,105,8.5,8.4,8.5
3591,上海,东南亚菜,Bumbu｜奔步印尼餐厅(555商厦南...,846,97,8.3,8.3,9
3592,上海,东南亚菜,华越楼-越南餐厅(绿地缤纷城店)分店,132,88,7.5,7.6,7.8
3594,绍兴,湘菜,湘会楼(鲁迅西路店),27,49,7.1,7,6.9
3596,绍兴,小龙虾,大树龙虾馆,25,98,7,6.6,6.8
3598,绍兴,川菜,老屋川菜(新昌店),29,72,7.2,7.3,7.3
3599,绍兴,川菜,黑皮酸菜鱼,1,33,7.1,6.8,6.6
3600,绍兴,川菜,炉鱼(绍兴汇金广场店),391,69,8.5,9,8.6
3617,绍兴,粤菜,好味觉&彩虹站(世茂百盛店),37,38,6.9,7,6.9
3618,绍兴,江浙菜,郑文琪龙虾盖浇饭(世贸店),53,29,7.4,7.4,7.5
3619,绍兴,江浙菜,和平饭店,7,44,7.4,7.4,7.4
3621,绍兴,火锅,313羊庄(绍兴店),18,50,8.4,8.5,8.5
3622,绍兴,江浙菜,酸菜鱼馆,2,19,6.9,6.9,6.9
3623,绍兴,火锅,魔法帽牛肉和酱料火锅(大唐大润...,1,50,7,7,6.9
3624,绍兴,火锅,巴食火锅(笛扬路店),39,54,7.7,7.6,7.6
3625,绍兴,火锅,古炉火锅-老成都(柯桥店),87,102,7.8,8.6,8.4
3628,绍兴,火锅,海派牛鼎记,12,88,7.6,7.6,7.7
3633,绍兴,创意菜,鼎鼎,17,91,7.3,7.3,7.3
3636,绍兴,西餐,西嘉士,2,40,7,7,7
3639,绍兴,面包甜点,CoCo都可(绍兴银泰城店),55,10,7.9,7.8,7.9
3641,绍兴,面包甜点,漫时光・私房蛋糕,69,23,7.8,7.9,7.9
3643,绍兴,面包甜点,鱼姐姐私房蛋糕,32,18,7.5,7.4,7.4
3644,绍兴,面包甜点,DQ(汇金店)分店,14,27,7.2,7.2,7.2
3645,绍兴,面包甜点,麦香城食品,160,7,7.7,7.8,8.1
3646,绍兴,面包甜点,DQ(雄风新天地店),23,24,7.1,7.4,7.3
3649,绍兴,面包甜点,资溪面包(江东店)分店,12,18,7.4,7.4,7.4
3650,绍兴,其他,易烤易锅海鲜・烤肉・火锅自助,109,56,7.6,7.8,7.9
3651,绍兴,其他,帕米尔餐厅,36,92,7.5,7.5,7.6
3659,绍兴,小吃面食,阿嬷泡芙(绍兴店),60,12,7.4,7.4,7.5
3660,绍兴,小吃面食,兄妹煲仔饭(永兴店)分店,4,15,7.1,7.1,7.1
3664,绍兴,快餐简餐,绝味鸭脖(华汇广场西店)分店,560,20,8.7,8.6,8.6
3666,绍兴,快餐简餐,咭味哆(沥海店),16,16,7.2,7.2,7.2
3668,绍兴,快餐简餐,咭味哆(斗门店),18,16,7.5,7.6,7.6
3671,深圳,私房菜,荷香记川式私房菜,4,55,7,6.8,6.8
3681,深圳,农家菜,如意农家菜,8,100,7.3,7.2,7.2
3687,深圳,台湾菜,成记小厨(大芬店),32,59,6.9,7,7
3689,深圳,小龙虾,辣家私厨(华强北店)分店,417,157,8.3,8.2,8.6
3691,深圳,小龙虾,兄弟龙虾馆,43,78,7.3,7,7.3
3692,深圳,小龙虾,麻辣鲜虾,1,55,7,7,7
3693,深圳,小龙虾,贪吃一品小龙虾,1,30,7,6.9,7
3700,深圳,粤菜,潮梅里卤鹅,62,63,8.5,8.2,8.3
3701,深圳,粤菜,新仙清汤腩(太古城店)分店,489,96,8.3,8.8,8.2
3702,深圳,粤菜,渔记餐厅广告,2321,83,8,8.3,8.4
3704,深圳,粤菜,坝光_蟹(福田店),297,89,7.4,8,8.2
3705,深圳,粤菜,东临金厨,460,102,7.6,7.6,7.5
3706,深圳,粤菜,皇潮食府,264,118,7.2,7.4,7.3
3707,深圳,茶餐厅,品正品茶餐厅(三联路店)分店,163,55,6.7,6.9,6.7
3709,深圳,茶餐厅,吃道@2047港式餐厅(丹桂路店),32,45,7.3,7.6,7.7
3711,深圳,茶餐厅,好江南茶餐厅,5,44,6.8,6.8,6.8
3713,深圳,江浙菜,小龙虾大闸蟹,3,60,6.7,6.7,7
3714,深圳,江浙菜,茶语餐厅(沙井京基百纳广场店),1725,51,7.8,8.4,8
3721,深圳,东北菜,哈尔滨东北菜,9,35,7.2,7.2,7
3723,深圳,东北菜,金手勺东北菜馆,72,56,7.2,7.2,7.3
3724,深圳,东北菜,鸡煲王,2,37,7.3,7.2,7.3
3725,深圳,东北菜,东北铁锅炖,5,69,7.3,7.3,7.3
3726,深圳,东北菜,天鹅饺子馆,27,54,7.2,7.2,7.1
3730,深圳,粥粉面,红荔村肠粉(卓越时代广场店)分店,239,19,7.5,7.4,7.4
3735,深圳,粥粉面,四方面庄(常兴二店)分店,33,20,7.1,6.9,6.9
3736,深圳,粥粉面,包粥稻(车公庙店),14,13,6.3,7.2,6.9
3738,深圳,新疆菜,巴依的小羊歌舞餐厅(九方购物中...,788,91,6.9,7.8,7.3
3739,深圳,粥粉面,阿香婆桂林米粉,26,21,7.2,7.2,7.2
3740,深圳,川菜,姚姚爱鱼YaooaY(中心城店)分店,4473,79,7.9,8.2,7.5
3741,深圳,川菜,炉鱼(卓悦汇店),2087,69,7.5,8.1,7.9
3742,深圳,川菜,让鸭脑壳飞(西乡店),143,66,8,7.6,7.9
3743,深圳,川菜,麻辣派对(益田假日广场店)分店,1616,79,7.7,7.7,7.6
3744,深圳,川菜,探炉烤鱼(莱蒙店)分店,884,70,8.5,8.7,8
3746,深圳,川菜,辣宴(民治大润发店)分店,3260,63,8.2,8.2,8.1
3747,深圳,川菜,贡鱼烤全鱼,13,40,7.4,7.5,7.7
3748,深圳,川菜,食尚烤鱼(民治店)分店,43,62,7.2,6.8,7.1
3749,深圳,川菜,黄记煌三汁焖锅(横岗店),578,82,7.7,7.4,7.6
3751,深圳,川菜,蜀香苑川菜馆(松仔园店),5,35,7.3,7.3,7.3
3752,深圳,川菜,探炉-炭火烤鱼(新港城店)分店,5,78,7.5,7.5,7.5
3753,深圳,湘菜,味人民服务分店,1137,65,8.3,8.3,8.2
3754,深圳,湘菜,湖南人家湘语楼,291,82,7.4,7.4,7.2
3755,深圳,湘菜,天下湘军(前进一路店)分店,5,53,7.7,7.7,7.7
3756,深圳,湘菜,农家冲(车公庙店)分店,193,45,7.3,7.1,6.8
3757,深圳,湘菜,湖南米粉,28,34,7.1,6.7,7
3759,深圳,湘菜,富源北方饺子馆(水贝店),15,36,7,7,7.2
3760,深圳,海鲜,Fresh领鲜海鲜自助餐厅,42,97,7.1,7.4,7.4
3761,深圳,海鲜,中海捞海鲜自助火锅,132,75,6.9,6.9,6.8
3762,深圳,海鲜,好家乡海鲜餐厅(大梅沙店),281,87,7.2,6.9,7
3763,深圳,海鲜,潮兴海鲜美食府(龙岗店),34,56,7.2,6.9,7.2
3764,深圳,海鲜,冠菌海鲜肥牛自助火锅(平湖店),253,56,7.1,7.1,7
3765,深圳,海鲜,龙达挪威三文鱼(罗湖乐园店),131,77,7.1,6.8,6.9
3766,深圳,海鲜,码头海鲜烧烤,67,38,7.3,7.2,7.3
3768,深圳,咖啡厅,羊故事(华侨城店)分店,578,103,8.2,8,7.7
3769,深圳,咖啡厅,羊故事(东滨店)分店,262,121,7.9,8.3,7.4
3771,深圳,咖啡厅,君悦酒店-大堂吧分店,59,104,7.2,8.3,7.6
3772,深圳,咖啡厅,十＝十,13,42,7.1,7,7.1
3773,深圳,咖啡厅,星巴克(前进天虹店)分店,22,32,7.4,7.4,7.4
3774,深圳,咖啡厅,大象咖啡,206,47,6.7,6.9,6.7
3775,深圳,咖啡厅,High Tea蜜语,4,16,7.4,7.4,7.4
3776,深圳,小吃快餐,普宁第一家肠粉,245,16,8,5.8,7
3777,深圳,小吃快餐,五谷渔粉(蛇口店),78,12,7.5,7.2,7.3
3778,深圳,小吃快餐,东方宫中国兰州牛肉拉面(海雅缤...,153,28,7.7,7.8,7.3
3779,深圳,小吃快餐,蒙自源过桥米线(布吉老街店),790,20,7.6,7.8,7.6
3780,深圳,小吃快餐,真功夫(君逸世家店)分店,470,27,7.4,7.4,7.2
3781,深圳,小吃快餐,美实粥粉店广州手工竹升面,114,13,7.2,6.7,7.1
3782,深圳,小吃快餐,麦当劳(莲塘店)分店,65,22,7,7,6.9
3783,深圳,东南亚菜,PappaRich金爸爸,292,85,7.5,8.6,7.9
3784,深圳,东南亚菜,泰子妃东南亚特色餐厅(喜荟城店)分店,439,102,7.8,8.3,7.9
3785,深圳,东南亚菜,小印度尼泊尔餐厅(购物公园店)分店,917,82,7.6,7.6,7.9
3786,深圳,小吃快餐,真功夫(福华路店)分店,466,30,7.3,7.5,7.2
3787,深圳,小吃快餐,真功夫(桃源村三期店)分店,429,24,7.3,7.3,7.3
3788,深圳,自助餐,旺客海鲜肥牛自助火锅,21,53,7.1,7.2,6.9
3789,深圳,自助餐,熊大大自助火锅,52,53,6.9,6.9,6.9
3790,深圳,自助餐,冠菌海鲜肥牛自助火锅(玉律店),11,85,7,7.1,7
3794,深圳,烧烤,鸟剑居酒屋(南山店)分店,101,212,7.7,8.3,7.5
3795,深圳,烧烤,风雅炭火烧肉,104,231,7.8,8,7.5
3798,深圳,火锅,热辣壹号(皇庭广场店),328,96,7.3,7.9,8.3
3799,深圳,火锅,同仁四季音乐主题餐厅(海岸城保...分店,590,101,7.8,8.1,7
3800,深圳,烧烤,福记牛扒烤肉火锅,13,45,6.9,7,7.2
3801,深圳,火锅,大龙_火锅(南山创业店)分店,159,118,7.7,8.2,7.8
3802,深圳,火锅,六顺牛肉店(白石洲店),47,59,8.5,7.4,8.1
3803,深圳,火锅,幸运牛（汕头）小黄牛火锅(新洲...,32,82,7.8,7.7,7.6
3804,深圳,其他,赣芸轩(华润万象城店),1206,93,7.8,8.1,7.9
3805,深圳,其他,艺术食堂,113,100,8.1,8.7,7.6
3806,深圳,其他,J・House(福中一路店),155,62,6.7,7.8,7.1
3807,深圳,其他,亚壹西餐厅(龙华店),21,40,6.8,6.9,6.6
3808,深圳,其他,黄记煌三汁焖锅(莲塘店),604,89,7.4,7.3,7.3
3812,深圳,其他,襄阳牛杂面(金桥店),97,13,7.3,6.7,7.2
3813,深圳,其他,柴火饭庄,52,54,7.2,7,6.9
3815,深圳,其他,清远佬生态农家菜馆(人民北路),10,40,7,7,7
3816,深圳,日本料理,堂小锅(KKMALL店)分店,2320,118,8.2,8.8,8.4
3817,深圳,日本料理,荞上人活_日本料理,840,223,8.2,8.5,8.1
3818,深圳,日本料理,面匠_味道・日式拉面(海岸城店),720,52,7.3,8,8.2
3819,深圳,日本料理,大桥日本料理(科兴科学园店),645,284,7.2,8.3,7.3
3820,深圳,日本料理,稻轩日本料理(KKMALL京基店),338,290,6.8,7.8,7
3822,深圳,日本料理,一极鲜挪威三文鱼,48,56,7.6,7.4,7.6
3825,深圳,韩国料理,韩密达韩国炸鸡&啤酒.部队火锅,248,53,7,7.1,7.2
3826,深圳,韩国料理,韩国思蜜达炸鸡啤酒(龙华店)分店,22,29,7.5,7.7,7.7
3827,深圳,韩国料理,韩尚苑(坂田乐汇城店),19,22,6.5,6.6,6.9
3828,深圳,韩国料理,大同江,89,53,7.2,6.8,7.2
3829,深圳,韩国料理,麒麟韩式料理,28,56,6.7,6.9,6.8
3830,深圳,韩国料理,合味肆,11,11,7.4,6.9,7.3
3834,深圳,西餐,必胜客宅急送(景田店)分店,152,53,7,6.8,7.1
3835,深圳,西餐,KiwiHouse,36,57,7.4,8,7.7
3836,深圳,西餐,乐凯撒・榴莲比萨(深国投广场店)分店,403,69,8.4,7.8,7.5
3837,深圳,西餐,大拇指牛扒馆,884,81,7.3,7.5,7.5
3838,深圳,西餐,环中线音乐主题清吧,9,58,7.2,7.5,7.5
3839,深圳,面包甜点,幸福西饼生日蛋糕(前海店)分店,917,45,7.7,7.8,7.6
3841,深圳,面包甜点,1__(双龙老街店),25,15,8.1,7.3,7.9
3842,深圳,面包甜点,813芭依珊 Baesan(皇冠十_地店)分店,163,38,7.3,7.9,7.5
3843,深圳,面包甜点,可颂坊(科技园店)分店,207,27,7.8,7.7,7.5
3844,深圳,面包甜点,清和堂,89,49,7.3,7.4,7.4
3845,深圳,面包甜点,HEY YO喜乳酪(金光华广场店)分店,318,35,7.7,7.6,7.6
3846,深圳,面包甜点,贡茶(深圳北站店),666,16,7.8,8.1,8
3847,深圳,面包甜点,许留山(深圳曼哈店)分店,2434,36,7.2,7,7
3848,沈阳,私房菜,V家小厨,6,15,7.5,7.6,7.3
3850,深圳,面包甜点,台盖(深国投广场店),40,19,7.3,7.1,7.1
3853,沈阳,家常菜,缘聚园家常菜,1,22,6.9,6.9,6.9
3863,沈阳,东北菜,好妈王饺子酒楼(滂江街店),508,53,7.7,7,6.8
3864,沈阳,东北菜,勺园饭店(富民南街店)分店,201,100,7.9,7.7,7.6
3866,沈阳,东北菜,和颂饭_,41,130,7.5,7.6,7.4
3868,沈阳,东北菜,老好吃春饼(万泉店),161,26,8.1,7.8,8
3869,沈阳,东北菜,小锅饭(辉山店),12,35,7.4,7.3,7.3
3871,沈阳,东北菜,煎饼卷大葱,12,57,7.6,7.4,7.5
3872,沈阳,北京菜,大鸭梨(星摩尔店),3069,83,8.3,8.6,7.8
3873,沈阳,北京菜,聚福楼烤鸭坊,55,72,7.3,7.2,7.2
3874,沈阳,川菜,卷福和他的朋友们(沈阳店),408,112,8.7,9.1,9
3875,沈阳,东北菜,绿豆角烀饼店,39,37,7.1,7,6.9
3876,沈阳,川菜,川渝食府,20,58,7.4,7.5,7.4
3877,沈阳,川菜,川菜水煮鱼,5,30,7.6,7.5,7.6
3878,沈阳,川菜,蒙都干锅牛肉,14,37,7.1,7.1,7.1
3879,沈阳,川菜,川辽人家,3,30,7,7,7
3881,沈阳,粤菜,小鹅皇港式餐厅,1275,71,8.4,9.1,8.7
3882,沈阳,粉面馆,惜日北面,19,23,7.3,7.3,7.1
3883,沈阳,粉面馆,香溪阁过桥米线,164,16,8,8.1,8
3887,沈阳,粉面馆,杨记面馆,44,30,7,7,7
3894,沈阳,烧烤,新罗食代木炭烤肉分店,904,69,9.1,9.1,8.9
3895,沈阳,烧烤,韩都・黑牛的店(万象汇店)分店,2096,124,8.8,9,8.5
3896,沈阳,烧烤,韩国N2U熨斗烤肉(中街店),123,74,7.8,8.5,8.8
3897,沈阳,烧烤,巴蜀烤鱼(太原街万达店)分店,252,92,7.3,7.3,7.3
3898,沈阳,烧烤,斗牛家烧烤(首府店),18,67,7.5,7.6,7.7
3899,沈阳,烧烤,韩嘴水煎肉分店,72,64,8.1,7.7,8.5
3905,沈阳,火锅,老灶台全季火锅(太原街店),287,65,8.2,8.2,8.2
3906,沈阳,火锅,羊羊羊老北京铜火锅,28,50,7.9,7.9,7.5
3908,沈阳,火锅,朋友的火锅店(苏家屯店),5,50,7.7,7.7,7.7
3909,沈阳,火锅,巴适串串香,105,68,7.8,7.7,7.8
3910,沈阳,火锅,那些年云南生态菌类火锅店,4,78,7.4,7.9,7.6
3911,沈阳,火锅,巴鼎红重庆老火锅,98,57,7.6,7.4,7.6
3912,沈阳,海鲜,大联渔港,366,251,7.8,8,7.5
3913,沈阳,海鲜,水手海鲜菜馆,162,63,6.9,7,6.8
3915,沈阳,海鲜,韩乐道海鲜烤肉店,65,57,7.8,7.8,7.8
3916,沈阳,海鲜,虾蛙传奇,7,50,7.6,7.6,7.6
3918,沈阳,火锅,彤德莱火锅(淘乐新天地店)分店,155,49,7.8,7.7,7.6
3919,沈阳,海鲜,天天海鲜人家,83,138,6.7,6.7,6.4
3920,沈阳,海鲜,金岸海鲜饺子,50,79,6.7,6.6,6.6
3921,沈阳,海鲜,奇遇烹鱼小馆,466,68,8.9,8.6,8.7
3922,沈阳,海鲜,689炸鸡海鲜码面(西塔店)分店,1015,77,8.6,9,8.8
3927,沈阳,咖啡厅,快乐咖啡,13,59,7.6,7.5,7.6
3929,沈阳,咖啡厅,瑞咖啡,198,33,7.7,7.9,7.7
3930,沈阳,咖啡厅,遇咖啡馆,72,36,7.5,7.6,7.7
3931,沈阳,咖啡厅,缤果咖啡简餐,3,46,7,7,7
3932,沈阳,咖啡厅,你的故事主题咖啡馆,27,36,7.4,7.4,7.5
3934,沈阳,日本料理,藤崎寿司(合作街店),11,28,7.4,7.4,7.3
3935,沈阳,日本料理,味千拉面(兴隆大都汇店),64,46,6.9,7.1,7
3936,沈阳,日本料理,派食鲜精致寿司,14,35,7.7,7.7,7.8
3937,沈阳,日本料理,丰元永和豆腐坊(宁山东路店)分店,17,10,7.4,7.4,7.4
3941,沈阳,日本料理,钱宝儿创意寿司(大东店),10,28,7.3,7.2,7.3
3944,沈阳,朝韩料理,金家烤鳗鱼分店,764,150,9.2,6.8,8.5
3946,沈阳,朝韩料理,尹社长石锅拌饭(中兴新一城店),137,39,7.1,8.3,7.2
3947,沈阳,朝韩料理,三星冷面店,222,46,7.5,7.3,7.3
3948,沈阳,朝韩料理,玛喜达韩国年糕料理(太原街中兴...,809,33,8.3,8.5,8.4
3949,沈阳,朝韩料理,小木屋米酒店,125,75,8.8,8.5,8.8
3950,沈阳,朝韩料理,阿里郎海鲜酒店,178,91,7.7,7.7,7.2
3952,沈阳,朝韩料理,三千里烤肉馆(崇山西路店)分店,149,45,6.8,6.8,6.8
3953,沈阳,西餐,合社HERE CAFE,452,68,8.3,8.8,8.3
3954,沈阳,西餐,豪客来牛排(沈阳中街店)分店,1282,55,8.3,8.7,8.6
3955,沈阳,西餐,萨不住闸披萨(云峰店),64,30,8.7,8.9,9
3956,沈阳,西餐,酷公社・榴莲披萨(兴隆大家庭中...分店,2357,64,9.2,9.1,9.1
3958,沈阳,西餐,欧罗巴欧式休闲餐厅(铁百店)分店,476,57,8.2,8.6,8.4
3959,沈阳,西餐,犀客披萨,87,40,8.7,9,9
3960,沈阳,西餐,沙拉有态度(创客基地店)分店,45,24,7.7,7.7,7.7
3962,沈阳,西餐,番茄_汉堡(怀远门店),28,17,7.4,7.4,7.5
3963,沈阳,自助餐,韩都自助烤肉(南塔鞋城店)分店,2967,62,8.6,9,8.8
3966,沈阳,面包甜点,Lè Living乐姿生活(大悦城店)分店,162,41,8.7,8.4,8
3968,沈阳,面包甜点,蓝帕提烘焙,195,34,7.5,8.1,7.8
3969,沈阳,面包甜点,碰碰凉GELATO POPLAND冰淇淋店(...分店,189,33,8.5,8.8,8.6
3970,沈阳,面包甜点,PANPANRUN,29,83,8.3,8.3,8.4
3971,沈阳,面包甜点,面包新语,35,23,7.4,7.4,7.2
3972,沈阳,面包甜点,鲜果时间(奥体万达店),35,12,7.6,7.5,7.5
3975,沈阳,其他,圣群素食,13,31,7.1,7.2,7.3
3976,沈阳,湘菜,蜀味香,13,72,7.5,7.4,7.5
3977,沈阳,小吃快餐,吉野家(乐购店)分店,710,29,7.3,7.3,7.3
3979,沈阳,小吃快餐,马家烧麦(三台子店),85,41,8.1,8.1,7.9
3980,沈阳,小吃快餐,吉野家(中街店)分店,768,25,7.3,7.2,7
3981,沈阳,小吃快餐,妈妈米线(北一路万达店)分店,283,30,8.8,9,9
3982,沈阳,小吃快餐,肯德基(龙之梦店)分店,4062,20,8.5,8.5,8.1
3983,沈阳,小吃快餐,笑子包子(文化路店),303,15,7.7,7.5,7.3
3984,沈阳,小吃快餐,顶好快餐(文萃路分店)分店,376,21,6.9,6.6,6.6
3985,沈阳,小吃快餐,百膳粥宴-潮汕砂锅粥,3,35,6.9,7.1,6.9
3986,石家庄,农家菜,神农庄园酒店,62,65,7.4,7.7,7.2
3988,沈阳,小吃快餐,千座港式牛杂(滑翔店)分店,9,13,7.5,7.3,7.4
4003,石家庄,小龙虾,醉香小龙虾,4,30,7.6,7.6,7.5
4004,石家庄,冀菜,光明渔港(海悦天地店)分店,442,121,7.7,7.6,7.6
4005,石家庄,冀菜,光明渔港(桃园店)分店,309,71,8,8,8.1
4007,石家庄,冀菜,黑土地,22,30,7.3,7.5,7.5
4010,石家庄,川菜,邻大妈骨头锅,16,35,7.7,7.6,7.7
4011,石家庄,川菜,渝品香(勒泰店),9,38,7.4,7.4,7.5
4012,石家庄,川菜,真石烧鱼(东胜店),130,81,7.1,7.4,7.3
4013,石家庄,川菜,竹鱼村烤全鱼,170,46,7.2,7.3,7.2
4014,石家庄,川菜,2198香辣虾(海世界店),8,40,6.5,6.8,6.7
4018,石家庄,面馆,兰州牛肉拉面(新乐店),1,19,6.9,6.9,6.9
4020,石家庄,粤菜,青柚粤港料理(北国商城店),418,65,7.2,8,8
4021,石家庄,咖啡厅,阅微书吧咖啡茶,5,24,7.3,7.5,7.3
4022,石家庄,咖啡厅,黑咖啡日记(万达店),6,100,7.5,7.5,7.5
4026,石家庄,北京菜,果木烤鸭,1,20,7,7,7
4033,石家庄,海鲜,铭渤海鲜大咖,12,50,7.5,7.5,7.4
4034,石家庄,海鲜,牛掰龙虾,17,82,7.9,8.1,8.2
4035,石家庄,海鲜,醉胶东海鲜家常菜(休门店),13,79,7.4,7.3,7.4
4040,石家庄,烧烤,俄罗斯烤肉,1,30,6.7,6.6,6.6
4043,石家庄,日本料理,松本楼日式烧肉,1469,191,7.7,8.2,8
4045,石家庄,西餐,百客咖啡(百度大厦店)分店,58,69,7.3,7.7,7.5
4046,石家庄,西餐,汤姆餐厅分店,522,62,8.7,7.7,8.1
4047,石家庄,西餐,NUBA牛巴店(西美花街店),80,46,7.3,7.6,7.2
4048,石家庄,西餐,澳洲牛排,16,42,6.9,7,6.9
4051,石家庄,西餐,奔跑吧披萨,1,15,6.9,6.9,6.9
4054,石家庄,自助餐,鲜香园自助骨头王,6,28,7.1,7,7.1
4059,石家庄,东北菜,万兴楼(鹿泉店),43,42,7.3,7.2,7.4
4061,石家庄,东北菜,真定郝家排骨(中华大街店),25,29,7.2,7.1,7.2
4063,石家庄,东北菜,东北饺子馆(恒州南街店),2,44,6.9,6.9,6.9
4070,石家庄,火锅,六车间主题餐厅,79,68,7.6,7.8,7.7
4071,石家庄,火锅,牧人手扒羊肉,37,53,7.2,6.6,6.7
4072,石家庄,火锅,沧州火锅鸡,159,43,7.2,7.3,7.3
4073,石家庄,火锅,巴派锅里捞火锅店,8,48,7.6,7.6,7.6
4074,石家庄,火锅,椒麻铜锅鸡,1,40,7.1,7.1,7.1
4076,石家庄,火锅,聚胜涮园,13,52,7.2,7.1,7.2
4079,石家庄,火锅,继福园羊蝎子火锅,2,38,7,7,7
4080,石家庄,火锅,湘村柴火鱼,3,45,7.3,7.3,7.3
4081,石家庄,小吃快餐,容而煎饼道(万达步行街店),34,9,7.9,8.1,7.9
4082,石家庄,小吃快餐,喜识嘎嘣脆抹茶炒酸奶(中华北店)分店,556,13,8.2,8.1,8.1
4083,石家庄,小吃快餐,过桥米线(范光胡同),10,20,7.4,7.4,7.4
4085,石家庄,小吃快餐,小磊铁锅焖面,13,20,7.4,7.3,7.4
4087,石家庄,小吃快餐,脆皮烤猪蹄(怀特店),21,12,7.6,7.5,7.5
4088,石家庄,小吃快餐,周大嘴黑鸭(新石南店),157,13,7.5,7.6,7.6
4089,石家庄,面包甜点,膨膨冰(万达旗舰店),209,39,8.3,8.6,8.6
4090,石家庄,面包甜点,好望角蛋糕屋,33,58,7.7,7.7,7.7
4091,石家庄,面包甜点,modia摩点,9,10,7.6,7.7,7.8
4092,石家庄,面包甜点,纽罗宾,12,20,7.6,7.6,7.6
4094,石家庄,面包甜点,米莎贝尔(卓达书香店)分店,85,30,7.6,7.5,7.6
4095,石家庄,面包甜点,世纪大饭店三特美食屋,26,16,7.5,7.5,7.5
4096,石家庄,面包甜点,玛仕德甜甜圈(益友百货店),9,10,7.4,7.4,7.7
4097,石家庄,其他,泰国榴莲酥,1,17,7.6,7.6,7.6
4099,石家庄,其他,纷享时光休闲餐厅,1,35,7.1,7,7
4102,石家庄,其他,清真楼,3,30,6.9,6.9,6.9
4106,苏州,私房菜,张府私房菜,9,62,7.2,7.2,7.2
4108,苏州,小龙虾,盱眙好兄弟龙虾,3,70,7.7,7.2,7.2
4112,苏州,小龙虾,京东夜宵龙虾烧烤,1,36,6.9,6.9,6.9
4113,苏州,粤菜,苏园广式茶餐厅,83,81,8.3,8.7,8.5
4114,苏州,粤菜,京粤汇,352,87,7.2,7.5,7.3
4117,苏州,苏州江浙,老苏州大客堂・特色小吃(山塘街...分店广告,681,69,7.8,8.6,7.9
4118,苏州,苏州江浙,新梅华・四季厨房(四季厨房)分店,1637,84,8.5,8.1,7.9
4119,苏州,苏州江浙,苏洪妹阿婆家时尚餐厅(百盛店),333,47,8.1,8,8
4121,苏州,苏州江浙,湖碟轩・私厨坊,183,107,7.7,8.4,7.8
4122,苏州,苏州江浙,盘韵阁私房菜,66,92,7.7,7.6,7.5
4123,苏州,苏州江浙,老土灶,119,67,7.8,7.5,7.6
4124,苏州,苏州江浙,三千粉牛肉米粉(圆融星座店)分店,295,22,7.8,8.1,8.1
4125,苏州,大闸蟹,小琳蟹庄,20,112,7.4,7.6,7.6
4126,苏州,大闸蟹,小陆莲花蟹园农家乐(莲花岛店),417,146,8.4,8.4,8.6
4127,苏州,大闸蟹,阳澄湖莲花岛江南蟹阁,205,153,8.5,8.6,8.6
4132,苏州,海鲜,澳港城海鲜自助餐厅(昆山店),35,80,6.7,7.2,6.9
4133,苏州,海鲜,盱眙兄弟龙虾,3,39,7.3,7.3,7.3
4134,苏州,海鲜,龙门花甲(石浦店),3,15,7,7,7
4135,苏州,川菜,牛蛙君炭烧牛蛙锅(方塔街店),68,64,7.7,7.8,7.6
4136,苏州,川菜,渔上签 烤鱼・烧烤・川菜音乐餐...,102,75,7.3,7.9,7.7
4138,苏州,面馆,笔杆青极品杠子面分店,348,40,8,8,7.9
4139,苏州,面馆,钦味面馆,96,19,7.5,7.4,7.4
4141,苏州,面馆,同得兴精品面馆(十全街店)分店,2965,47,8.3,8.1,7.8
4143,苏州,面馆,东吴面馆(南施街店),33,13,6.8,6.8,6.5
4144,苏州,面馆,东吴面馆(吴江店)分店,37,18,7.2,7,7.1
4146,苏州,面馆,老牌昆山奥面馆(鹅颈湾店),204,16,7.4,7.5,7.5
4149,苏州,面馆,王家老太镇江锅盖面,25,19,7.1,7.1,7.2
4150,苏州,面馆,东吴面馆(阊胥路店)分店,64,15,7,7.2,7.1
4151,苏州,徽菜,杠岗香功夫煲仔饭,6,15,7.3,7.3,7.4
4155,苏州,面馆,陆振兴,5,13,7.1,7.1,7.1
4158,苏州,面馆,西面来风(江星店),5,13,7.5,7.5,7.5
4161,苏州,火锅,宽窄巷子成都串串香(方洲店),128,49,7.6,6.8,7.1
4162,苏州,火锅,成都厕所串串(新市路店),123,51,7.9,8.1,8.4
4163,苏州,火锅,成都厕所串串(苏州总店)分店,301,55,8.2,7.9,8.2
4165,苏州,火锅,厕所串串,14,49,7.2,7,7.2
4167,苏州,湘菜,江南公社(郭巷店),45,66,7.1,7,6.9
4168,苏州,湘菜,蜀湘阁,2,59,7.1,7.1,7.1
4173,苏州,创意菜,百盛・鱼小漾(新区店)分店,638,66,8.5,9,8.8
4174,苏州,创意菜,馋胖蟹肉煲,12,49,7.4,7.6,7.6
4175,苏州,韩国料理,农乐园(沈浒路店)分店,3807,81,9.1,9,8.9
4176,苏州,韩国料理,韩国德利斯面包蛋糕(东盛店),19,20,7.3,7.3,7.3
4177,苏州,韩国料理,韩一品韩国料理,16,43,7.2,7.1,6.8
4178,苏州,韩国料理,韩国紫菜包饭,34,26,7.3,7.2,7.3
4180,苏州,面包甜点,Godiva(观前街)分店,724,49,8.7,8.6,8.2
4181,苏州,面包甜点,1点点(来客茂店),82,14,8.3,7.9,8.1
4182,苏州,面包甜点,格瑞思,48,23,8.2,8.1,7.9
4183,苏州,面包甜点,桂源铺(新光天地店),735,17,8.1,8.2,8.2
4184,苏州,面包甜点,茉沏(石路步行街店),231,13,8.1,8.2,8
4185,苏州,面包甜点,食之秘(中茵百盛店)分店,707,52,8.1,8.1,7.9
4186,苏州,面包甜点,大通冰室(大润发店),56,17,7.5,7.6,7.7
4187,苏州,面包甜点,团子大家族(石路店),216,18,8.1,8.3,8.4
4188,苏州,咖啡厅,漫咖啡(曼巴特店),145,51,8.3,8.7,8.4
4189,苏州,咖啡厅,星巴克(胥城大厦店)分店,138,38,8.2,8.1,8.2
4190,苏州,咖啡厅,后花园咖啡馆,3,34,7,7,7
4192,苏州,其他,浔城壹号(吴江店),20,234,7.4,7.6,7.3
4194,苏州,其他,梦田香草(金鹰店),62,98,7.2,7.4,7
4195,苏州,其他,新疆帕米尔餐厅,222,63,7.4,7,6.8
4196,苏州,其他,草源小毛驴酒店(曼哈顿店),78,59,7.3,7.3,7.3
4200,苏州,其他,小金爆鱼,73,20,7.9,7.9,7.9
4202,苏州,小吃快餐,好人民间小吃(木渎天虹店)分店,331,30,9,8.4,8.7
4205,苏州,小吃快餐,港式铁板炒饭,24,17,7.6,7.6,7.7
4206,苏州,小吃快餐,鱼太深海鲅鱼饺,24,42,8.1,8.2,8.4
4207,苏州,小吃快餐,大牌冒菜(北摆宴街店),157,33,8.1,8.1,8.4
4213,苏州,酒吧,光阴的故事,3,102,,,
4214,苏州,酒吧,Dr.Beer进口啤酒零售,52,32,,,
4218,苏州,酒吧,新动力(太仓),11,797,,,
4224,苏州,西餐,VELLUTO意大利餐厅(李公堤店)广告,736,318,8.1,9,8.9
4225,苏州,日本料理,裕元日本料理,54,473,7.7,7.9,7.9
4226,苏州,西餐,ZEMO CAFE(这美咖啡),41,61,8.5,8.6,8.2
4227,苏州,西餐,必胜客(湖东时代店)分店,711,73,8.1,8.4,7.9
4228,苏州,西餐,魔法味觉牛排西餐厅,97,90,7.5,8.2,7.7
4230,苏州,西餐,麦克斯・米娅西餐厅,219,116,7.6,8.6,7.7
4231,苏州,西餐,关你P事披萨(觅me),24,32,7.8,7.8,7.8
4232,苏州,西餐,汉堡小子(吴江店),11,12,7.5,7.4,7.5
4234,苏州,烧烤,好来屋炭烤吧,273,60,8.2,7.5,7.8
4235,苏州,烧烤,牧羊人炭烤(沈浒路店)分店,230,95,8,7.6,7.5
4237,苏州,烧烤,大东北烧烤,6,50,6.9,6.8,6.8
4239,苏州,烧烤,特色烤羊腿(常兴路店),1,65,6.9,6.9,6.9
4241,苏州,烧烤,宴の火台湾花式铁板烧,23,49,7.5,7.1,7.6
4243,苏州,烧烤,老零点烧烤,2,60,7.1,7.1,7.1
4252,台州,川菜,川记酸菜鱼米线,15,25,7.4,7.2,7.5
4256,台州,川菜,重庆绝味烤鱼(三门店),3,30,6.8,6.8,6.8
4272,台州,小吃面食,新加坡海南鸡饭(中盛店),12,29,7.1,7.3,7.2
4274,台州,新疆菜,多郎美食餐厅,4,86,7,7,6.9
4277,台州,小吃面食,正新鸡排(洪池店),2,14,7,7,7
4278,台州,小吃面食,金鑫鱿鱼炒糕,2,13,7,7,7
4279,台州,小吃面食,阿杰羊杂馆,5,27,7,7,7
4280,台州,小吃面食,米爱粉,10,20,7.1,7.2,7.2
4281,台州,烧烤,韩林炭烤(温岭店),96,96,7,7,7
4288,台州,烧烤,迷墙斋暂停营业,11,80,7.4,7.6,7.5
4295,台州,西餐,点个披萨,1,17,7,7,7
4296,台州,西餐,可比乐复合式餐厅,7,19,7.4,7.4,7.4
4300,台州,海鲜,王鱼生,3,60,7.2,7.2,7.2
4302,台州,海鲜,石浦小海鲜,2,37,6.1,6.1,6.1
4311,台州,江浙菜,健跳小海鲜・陈宏美食城,1,34,7.1,7.1,7.1
4312,台州,江浙菜,渔家海鲜排档,5,39,7.2,7.2,7.2
4315,台州,江浙菜,澜廷酒店,8,92,7.2,7.2,7.2
4318,台州,江浙菜,一定好餐厅,2,45,7,7,7
4319,台州,江浙菜,逍遥派,1,40,6.9,6.9,6.9
4321,台州,火锅,来御来三汁焖锅(温岭店),33,84,7.1,7.2,7.1
4322,台州,火锅,鱼尚鲜草帽石锅鱼,2,87,7.1,7.1,7.4
4326,台州,火锅,隆鑫火锅(盱眙龙虾城),2,34,7,7,7
4329,台州,快餐简餐,兴旺阁(温岭总店),78,28,7.1,6.9,6.8
4331,台州,快餐简餐,来缘麻辣烫(天天财富店),12,20,7.5,7.5,7.5
4332,台州,快餐简餐,香八客麻辣烫,85,22,7.4,7.3,7.3
4334,台州,快餐简餐,兴旺阁二店(青年东路店),14,28,7.1,7.3,7.3
4335,台州,快餐简餐,大人面馆,29,13,7.4,6.8,7.2
4337,台州,快餐简餐,桂林米粉(平桥店),11,10,7.3,7.3,7.2
4344,台州,其他,秘制烧鸭饭,12,20,7,7,7.1
4345,台州,其他,江西小炒,1,30,7,7,7
4348,台州,日本料理,泉石料理,18,79,7.2,7.3,7.3
4351,台州,自助餐,木槿花自助烧烤火锅,8,41,7.1,7,7.1
4352,台州,自助餐,米兰自助火锅,6,49,7.2,7.1,7.2
4360,太原,农家菜,土财土菜,4,30,7.1,7.3,7.5
4362,台州,面包甜点,茶桔便(老车站店),20,15,7.2,7.2,7.4
4363,台州,面包甜点,莫妃奶茶,6,10,7.2,7.2,7.2
4369,太原,面馆,重庆小面(柳南店),38,12,7.1,7.2,7
4375,太原,创意菜,茗品食府,6,30,7.1,7.2,7.2
4388,太原,粤菜,龙茶坊皇后大道,111,55,7.2,7.2,7
4399,太原,火锅,大塞北(杏花岭店),7,62,7.6,7.6,7.6
4401,太原,小吃快餐,麦当劳(太原朝阳街店)分店,15,26,7.5,7.5,7.5
4402,太原,小吃快餐,王先生煎饼店,13,6,7.9,7.6,7.8
4404,太原,火锅,小皇牛筋头巴脑(大同路店),48,53,7.3,7.3,7.2
4405,太原,火锅,西来顺,9,45,7,6.9,6.9
4406,太原,小吃快餐,湘尚粉馆,41,18,8.3,8.4,8.4
4408,太原,火锅,串串叔叔(五一广场店)分店,27,24,7.2,7.4,6.8
4409,太原,小吃快餐,金绣源粥品专家(翊粥店)分店,50,29,7.3,7.3,7.2
4412,太原,烧烤,胡同(和信店),44,51,7.1,7.5,7.5
4413,太原,小吃快餐,六味斋(高新店)分店,144,15,7.6,7.5,7.5
4418,太原,韩国料理,土大力(茂业天地店),291,61,8,8.5,8.1
4421,太原,面包甜点,五福西点,7,11,7.6,7.6,7.6
4423,太原,面包甜点,谷田记,24,13,7.3,7.3,7.4
4424,太原,面包甜点,摩提工房(铜锣湾国际店)分店,4,20,7.2,7.2,7.2
4426,太原,面包甜点,贝客新语面包烘培(长风西街店),5,21,7.1,7.1,7
4427,太原,面包甜点,提拉米酥,3,24,7.1,7.2,7.4
4440,太原,湘菜,皖湘情,16,40,7.1,7.1,7
4441,太原,湘菜,阿瓦山寨(兴华店),181,55,7.5,7.2,7.2
4445,太原,西餐,必胜客宅急送(府西店),5,67,7.5,7.2,7.2
4446,太原,西餐,丹尼斯披萨,3,35,7.2,7.2,7.2
4452,太原,其他,认一力(桥头街总店),51,29,7.4,7.9,7.4
4454,太原,其他,大哥家(佳地花园店),2,40,7,7,7
4460,天津,农家菜,乡村一口猪,11,46,6.6,6.9,6.9
4462,天津,家常菜,伟煌苏尼特涮肉坊・融合菜,217,54,7.5,6.9,7
4470,天津,素菜,石头门坎(南市店)暂停营业,221,21,7.6,7.5,7
4471,天津,川菜,鱼酷活鱼现烤(红桥欧亚达店)分店,2241,89,9.1,9,9
4472,天津,川菜,行蓉金汤酸菜鱼(MSD店),330,70,8.5,8.6,7.9
